serial_no,frame_no,timestamp,object_class,class_id,track_id,confidence,x1,y1,x2,y2
1,8,0.267,tv,62,2,0.4515,830.91,401.09,999.22,529.62
2,12,0.4,tv,62,2,0.4336,828.89,406.67,997.13,535.26
3,13,0.433,tv,62,2,0.3715,828.28,408.32,995.01,535.75
4,14,0.467,tv,62,2,0.3776,827.01,409.62,993.99,537.31
5,19,0.633,tv,62,2,0.4019,827.07,417.29,994.71,545.94
6,22,0.733,tv,62,2,0.4475,830.18,437.49,991.32,561.17
7,23,0.767,tv,62,2,0.6017,830.06,444.54,991.37,568.62
8,24,0.8,tv,62,2,0.36,830.18,451.88,993.16,577.53
9,25,0.833,tv,62,2,0.3812,832.49,460.05,993.51,584.16
10,26,0.867,tv,62,2,0.3777,834.37,467.71,993.98,590.59
11,29,0.967,tv,62,2,0.5621,841.38,486.46,997.1,605.86
12,30,1.0,tv,62,2,0.4271,844.9,492.06,1001.32,611.49
13,31,1.033,tv,62,2,0.3989,847.95,496.33,1005.22,616.28
14,34,1.133,bottle,39,9,0.4001,482.32,194.61,515.71,270.36
15,35,1.167,bottle,39,9,0.3541,478.22,193.65,512.12,270.51
16,35,1.167,tv,62,2,0.4461,845.06,502.81,999.94,620.74
17,39,1.3,bottle,39,9,0.3759,467.16,193.21,501.56,270.8
18,39,1.3,tv,62,2,0.506,837.29,502.32,991.44,619.67
19,40,1.333,bottle,39,9,0.3775,466.27,195.09,500.78,272.59
20,40,1.333,tv,62,2,0.4261,836.65,503.66,990.41,620.54
21,41,1.367,bottle,39,9,0.4586,466.62,198.07,501.17,275.17
22,41,1.367,tv,62,2,0.3645,836.59,505.65,990.35,622.18
23,42,1.4,bottle,39,9,0.3877,466.18,200.93,500.32,276.43
24,42,1.4,tv,62,2,0.443,834.87,507.01,990.91,625.2
25,43,1.433,bottle,39,9,0.369,465.17,201.91,499.44,277.19
26,43,1.433,tv,62,2,0.4492,835.59,508.49,989.28,624.42
27,44,1.467,bottle,39,9,0.3562,466.17,202.33,500.87,277.71
28,44,1.467,tv,62,2,0.3728,836.52,508.23,990.6,624.28
29,45,1.5,tv,62,2,0.4239,839.9,506.05,994.91,622.59
30,49,1.633,tv,62,2,0.5487,845.56,494.96,1007.79,617.07
31,50,1.667,tv,62,2,0.3959,843.68,493.37,1006.73,616.07
32,51,1.7,tv,62,2,0.37,843.6,493.89,1002.53,612.9
33,70,2.333,tv,62,2,0.3963,847.4,524.64,1008.34,645.41
34,71,2.367,bottle,39,12,0.3827,491.58,229.28,524.56,302.92
35,74,2.467,tv,62,2,0.5601,836.39,528.24,993.94,646.31
36,75,2.5,tv,62,2,0.6101,834.2,527.94,991.96,646.37
37,76,2.533,tv,62,2,0.6506,832.82,524.88,989.93,643.05
38,81,2.7,bottle,39,14,0.4038,446.68,212.98,482.83,289.63
39,81,2.7,tv,62,2,0.3597,808.63,518.31,964.56,636.07
40,82,2.733,bottle,39,14,0.3971,447.19,212.58,483.21,288.93
41,83,2.767,bottle,39,14,0.3964,447.74,213.68,484.08,290.75
42,84,2.8,tv,62,2,0.5443,807.9,520.95,964.75,639.68
43,85,2.833,tv,62,2,0.5137,806.18,521.11,963.8,641.02
44,85,2.833,bottle,39,14,0.351,447.95,213.66,484.83,292.01
45,87,2.9,bottle,39,14,0.4184,449.0,220.29,484.38,295.27
46,90,3.0,bottle,39,14,0.3624,455.82,227.26,490.45,300.96
47,96,3.2,tv,62,15,0.364,832.69,558.63,987.29,678.22
48,97,3.233,tv,62,15,0.3899,833.25,563.94,984.69,681.03
49,100,3.333,tv,62,15,0.3707,832.45,586.2,984.44,703.75
50,101,3.367,tv,62,15,0.3657,833.38,597.12,984.47,713.87
51,106,3.533,tv,62,15,0.3649,818.09,635.68,969.68,752.85
52,107,3.567,tv,62,15,0.3552,813.79,640.65,966.53,758.82
53,109,3.633,tv,62,15,0.3744,806.43,645.71,959.92,764.77
54,110,3.667,refrigerator,72,17,0.4664,1098.7,661.04,1177.48,876.81
55,119,3.967,bottle,39,19,0.4903,437.13,278.63,476.67,357.9
56,120,4.0,bottle,39,19,0.4544,432.53,275.82,471.31,353.44
57,121,4.033,bottle,39,19,0.441,424.44,273.07,462.48,349.16
58,122,4.067,bottle,39,19,0.5013,416.54,267.45,455.32,345.05
59,123,4.1,bottle,39,19,0.356,412.74,258.36,451.42,335.76
60,123,4.1,tv,62,20,0.4325,780.16,593.12,935.65,714.72
61,124,4.133,bottle,39,19,0.3551,411.06,246.9,450.47,325.44
62,124,4.133,tv,62,20,0.5854,780.2,591.61,936.7,713.98
63,125,4.167,bottle,39,19,0.3675,409.99,237.74,448.91,315.02
64,127,4.233,bottle,39,19,0.4306,406.74,227.26,446.58,305.81
65,130,4.333,tv,62,20,0.5119,817.0,589.64,984.96,720.84
66,130,4.333,bottle,39,19,0.4087,409.05,207.38,449.32,285.92
67,131,4.367,tv,62,20,0.4601,824.77,588.47,995.41,721.78
68,131,4.367,bottle,39,19,0.4437,410.16,197.65,451.17,276.99
69,132,4.4,bottle,39,19,0.3673,411.79,187.5,451.76,263.93
70,133,4.433,bottle,39,19,0.4289,410.68,174.32,451.1,250.77
71,134,4.467,bottle,39,19,0.5183,406.19,162.04,448.06,239.55
72,134,4.467,tv,62,20,0.4496,850.28,584.08,1031.54,725.5
73,135,4.5,bottle,39,19,0.4055,399.31,151.1,441.04,227.03
74,136,4.533,bottle,39,19,0.4424,389.35,141.07,433.3,219.03
75,137,4.567,bottle,39,19,0.4406,381.39,133.73,424.2,208.11
76,138,4.6,bottle,39,19,0.4621,369.41,125.63,414.56,202.17
77,139,4.633,microwave,68,22,0.6298,675.93,674.14,803.87,743.88
78,139,4.633,tv,62,20,0.3866,894.31,588.21,1094.87,743.46
79,140,4.667,microwave,68,22,0.5456,682.28,671.94,814.8,744.24
80,141,4.7,microwave,68,22,0.59,691.76,669.98,826.13,743.32
81,142,4.733,microwave,68,22,0.7992,699.89,670.39,835.36,744.4
82,143,4.767,microwave,68,22,0.797,705.09,671.54,842.67,746.73
83,143,4.767,tv,62,20,0.3888,927.55,581.65,1157.58,759.95
84,144,4.8,microwave,68,22,0.7804,713.82,669.51,853.11,745.68
85,144,4.8,tv,62,20,0.3571,936.06,578.37,1172.27,760.88
86,145,4.833,microwave,68,22,0.8222,722.31,667.39,862.18,743.85
87,145,4.833,refrigerator,72,26,0.5164,0.0,171.97,603.83,1404.88
88,146,4.867,microwave,68,22,0.8137,730.11,663.87,873.32,742.26
89,146,4.867,refrigerator,72,26,0.4882,0.0,164.36,602.6,1407.28
90,146,4.867,tv,62,20,0.525,960.78,569.09,1207.07,758.85
91,147,4.9,microwave,68,22,0.8279,738.81,659.57,886.22,740.35
92,147,4.9,refrigerator,72,26,0.5601,0.0,144.31,606.22,1405.11
93,147,4.9,tv,62,20,0.4484,974.79,563.05,1227.24,757.06
94,148,4.933,microwave,68,22,0.7653,753.61,657.07,903.01,739.17
95,148,4.933,refrigerator,72,26,0.5822,0.0,119.47,612.75,1404.2
96,148,4.933,tv,62,20,0.39,993.51,557.33,1253.06,756.78
97,149,4.967,microwave,68,22,0.8397,768.35,654.59,920.72,738.44
98,149,4.967,refrigerator,72,26,0.6668,0.0,101.45,616.73,1404.15
99,150,5.0,microwave,68,22,0.7188,782.99,653.93,935.87,738.1
100,150,5.0,refrigerator,72,26,0.7042,0.0,86.73,619.32,1404.48
101,151,5.033,microwave,68,22,0.7318,794.52,653.87,949.5,739.18
102,151,5.033,refrigerator,72,26,0.7013,0.0,66.69,619.71,1406.1
103,152,5.067,microwave,68,22,0.8561,806.09,654.66,962.39,740.66
104,152,5.067,refrigerator,72,26,0.5465,0.0,51.91,615.45,1403.35
105,152,5.067,tv,62,20,0.4987,1068.62,542.41,1357.79,765.5
106,153,5.1,microwave,68,22,0.8322,817.8,660.33,976.31,747.54
107,153,5.1,tv,62,20,0.3995,1082.2,543.26,1382.18,775.72
108,154,5.133,microwave,68,22,0.8574,828.06,669.05,989.23,757.92
109,155,5.167,microwave,68,22,0.8184,835.92,679.38,1001.12,770.58
110,155,5.167,tv,62,20,0.4947,1102.55,558.19,1408.0,806.62
111,156,5.2,microwave,68,22,0.6699,844.29,689.86,1014.4,784.12
112,157,5.233,microwave,68,22,0.7314,857.41,696.17,1031.72,792.84
113,158,5.267,microwave,68,22,0.7923,869.64,693.56,1049.92,793.78
114,159,5.3,microwave,68,22,0.8713,883.69,688.64,1067.82,790.92
115,160,5.333,microwave,68,22,0.8496,899.11,684.05,1088.72,789.22
116,160,5.333,refrigerator,72,26,0.4426,0.0,0.0,534.45,1390.67
117,161,5.367,microwave,68,22,0.8698,912.01,681.32,1106.76,789.44
118,162,5.4,microwave,68,22,0.7223,931.67,679.95,1132.59,790.85
119,162,5.4,refrigerator,72,26,0.3968,0.0,75.19,497.2,1395.51
120,163,5.433,microwave,68,22,0.825,947.75,678.34,1153.97,791.91
121,163,5.433,refrigerator,72,26,0.7566,0.0,165.9,482.76,1401.55
122,164,5.467,microwave,68,22,0.8628,963.62,676.05,1180.74,796.05
123,164,5.467,refrigerator,72,26,0.7493,0.0,74.39,488.89,1404.27
124,165,5.5,microwave,68,22,0.6479,992.33,678.89,1216.5,801.29
125,165,5.5,refrigerator,72,26,0.8204,0.0,48.56,481.74,1402.93
126,166,5.533,microwave,68,22,0.6129,1016.4,684.44,1249.95,810.66
127,166,5.533,refrigerator,72,26,0.6847,0.0,42.39,463.38,1400.5
128,167,5.567,microwave,68,22,0.6924,1036.69,688.55,1285.43,822.22
129,167,5.567,refrigerator,72,26,0.6627,0.0,40.72,464.06,1395.44
130,168,5.6,microwave,68,22,0.6804,1052.3,691.09,1315.43,832.94
131,168,5.6,refrigerator,72,26,0.5213,0.0,17.58,477.31,1395.91
132,169,5.633,microwave,68,22,0.8031,1077.2,695.03,1348.51,840.84
133,169,5.633,refrigerator,72,26,0.7579,0.0,53.37,462.45,1390.8
134,170,5.667,microwave,68,22,0.8115,1102.11,703.06,1376.8,850.11
135,170,5.667,refrigerator,72,26,0.5839,0.0,30.55,471.81,1392.2
136,171,5.7,microwave,68,22,0.8408,1120.76,707.55,1404.09,859.85
137,171,5.7,refrigerator,72,26,0.6876,0.0,63.49,457.25,1391.7
138,172,5.733,microwave,68,22,0.7474,1133.75,715.32,1408.0,874.22
139,173,5.767,microwave,68,22,0.646,1141.75,721.3,1408.0,893.23
140,173,5.767,refrigerator,72,26,0.3729,0.0,89.09,429.86,1400.99
141,174,5.8,microwave,68,22,0.5553,1151.89,735.58,1408.0,911.34
142,179,5.967,oven,69,32,0.4153,307.58,853.0,623.27,1052.06
143,180,6.0,oven,69,32,0.4557,325.96,858.93,649.16,1062.74
144,182,6.067,oven,69,32,0.5699,362.82,855.26,701.81,1069.23
145,183,6.1,oven,69,32,0.542,390.51,850.6,740.37,1071.82
146,184,6.133,oven,69,32,0.675,410.66,840.92,765.85,1065.85
147,185,6.167,oven,69,32,0.5179,423.76,828.08,785.64,1057.93
148,186,6.2,oven,69,32,0.4962,436.41,813.52,803.75,1048.13
149,187,6.233,oven,69,32,0.6233,454.48,802.35,830.05,1042.48
150,188,6.267,oven,69,32,0.6089,482.17,808.4,847.99,1041.41
151,189,6.3,oven,69,32,0.6572,487.71,798.05,879.09,1048.68
152,190,6.333,oven,69,32,0.7504,497.5,795.39,911.82,1062.64
153,191,6.367,oven,69,32,0.749,508.28,788.95,940.14,1069.93
154,192,6.4,oven,69,32,0.6882,513.49,781.26,963.41,1077.13
155,192,6.4,oven,69,38,0.4644,749.01,973.27,958.14,1364.66
156,193,6.433,oven,69,32,0.6496,533.74,789.36,974.66,1079.84
157,194,6.467,oven,69,32,0.7715,533.22,776.5,998.89,1085.78
158,195,6.5,oven,69,32,0.7728,538.5,766.12,1020.33,1089.11
159,196,6.533,oven,69,32,0.7451,548.84,763.06,1033.12,1089.81
160,197,6.567,oven,69,32,0.7099,564.86,773.87,1036.35,1092.03
161,198,6.6,oven,69,32,0.673,561.84,772.93,1044.48,1099.5
162,198,6.6,oven,69,38,0.3761,789.97,959.79,1006.03,1358.11
163,199,6.633,oven,69,32,0.6585,552.71,774.12,1045.52,1108.38
164,200,6.667,oven,69,32,0.6186,530.55,772.61,1048.34,1126.54
165,201,6.7,oven,69,32,0.6014,496.36,770.63,1045.17,1150.79
166,206,6.867,oven,69,41,0.5669,22.77,874.84,867.58,1403.04
167,217,7.233,cup,41,48,0.4181,825.35,937.41,899.42,1026.37
168,219,7.3,microwave,68,49,0.4059,502.51,874.2,769.05,1068.63
169,221,7.367,microwave,68,49,0.4718,467.77,895.17,752.59,1103.03
170,224,7.467,microwave,68,49,0.5775,416.7,939.45,738.75,1174.82
171,225,7.5,bowl,45,56,0.5819,1007.69,871.85,1186.35,985.13
172,226,7.533,person,0,41,0.4933,0.0,952.28,725.36,1407.99
173,227,7.567,bowl,45,56,0.3988,1017.99,880.08,1211.39,1002.96
174,229,7.633,bowl,45,56,0.3859,1034.39,892.59,1239.4,1023.37
175,230,7.667,person,0,41,0.5368,0.0,860.12,812.33,1406.72
176,231,7.7,person,0,41,0.7912,0.0,819.56,809.45,1407.09
177,231,7.7,bowl,45,56,0.5434,1058.97,905.87,1270.12,1040.92
178,232,7.733,person,0,41,0.5811,0.0,811.79,804.55,1407.41
179,232,7.733,bowl,45,56,0.503,1075.01,915.75,1282.92,1048.72
180,233,7.767,person,0,41,0.681,0.0,807.65,786.41,1406.76
181,233,7.767,bowl,45,56,0.4858,1087.4,923.45,1304.82,1062.9
182,234,7.8,person,0,41,0.5917,0.0,803.37,774.92,1407.02
183,234,7.8,bowl,45,56,0.5459,1103.42,933.26,1323.45,1074.96
184,235,7.833,person,0,41,0.774,0.0,807.0,761.84,1407.32
185,235,7.833,bowl,45,56,0.7059,1122.0,942.21,1344.3,1086.32
186,236,7.867,person,0,41,0.6342,0.0,810.95,752.95,1406.97
187,236,7.867,bowl,45,56,0.3525,1138.92,949.0,1359.86,1094.01
188,237,7.9,person,0,41,0.6711,0.0,809.99,747.84,1406.36
189,237,7.9,cup,41,63,0.6587,778.31,1277.85,868.69,1407.45
190,238,7.933,person,0,41,0.6515,0.0,809.39,744.51,1407.14
191,238,7.933,cup,41,63,0.7052,780.64,1288.35,864.28,1407.72
192,239,7.967,person,0,41,0.546,0.0,810.69,740.57,1407.76
193,239,7.967,cup,41,63,0.6519,778.77,1298.89,855.66,1407.53
194,240,8.0,person,0,41,0.8059,0.0,813.5,732.96,1407.37
195,240,8.0,cup,41,63,0.5268,775.19,1309.54,846.02,1407.83
196,241,8.033,person,0,41,0.7983,0.0,819.17,727.24,1407.94
197,241,8.033,cup,41,63,0.597,775.65,1323.12,838.42,1407.51
198,242,8.067,person,0,41,0.7608,0.0,826.93,721.14,1407.65
199,242,8.067,cup,41,63,0.4069,778.05,1335.41,834.18,1407.46
200,243,8.1,person,0,41,0.5626,0.0,831.39,723.12,1407.5
201,244,8.133,person,0,41,0.476,6.51,843.44,724.35,1406.81
202,245,8.167,person,0,41,0.3968,31.07,858.1,734.44,1406.01
203,246,8.2,person,0,41,0.6112,46.19,876.36,739.93,1407.38
204,248,8.267,person,0,41,0.6274,96.89,913.47,768.69,1408.0
205,252,8.4,person,0,67,0.5926,636.34,1010.33,1117.93,1407.88
206,259,8.633,bottle,39,70,0.407,1071.62,746.82,1145.83,866.62
207,260,8.667,bottle,39,70,0.3519,1064.77,742.55,1137.58,860.15
208,261,8.7,bottle,39,70,0.4339,1054.45,734.93,1128.59,854.83
209,263,8.767,bottle,39,70,0.3799,1029.49,726.0,1104.44,847.57
210,264,8.8,bottle,39,70,0.4196,1018.05,722.82,1092.87,844.28
211,265,8.833,bottle,39,70,0.3935,1008.9,721.37,1082.84,841.6
212,266,8.867,bottle,39,70,0.3869,1001.16,720.9,1075.45,841.88
213,267,8.9,cup,41,76,0.3691,833.03,811.37,941.33,958.27
214,267,8.9,person,0,41,0.6088,75.3,985.2,693.86,1408.0
215,268,8.933,person,0,77,0.43,896.27,816.14,1408.0,1406.76
216,268,8.933,person,0,41,0.8333,50.16,919.05,784.85,1408.0
217,268,8.933,bottle,39,70,0.4249,985.19,719.0,1059.85,840.86
218,269,8.967,person,0,41,0.5028,13.46,872.59,811.98,1407.03
219,269,8.967,bottle,39,70,0.4227,976.83,718.49,1051.87,841.21
220,270,9.0,person,0,41,0.5288,0.0,831.26,822.55,1407.09
221,270,9.0,bottle,39,70,0.4046,969.79,719.27,1043.82,840.68
222,271,9.033,person,0,41,0.3768,0.0,804.36,818.4,1406.36
223,271,9.033,bottle,39,70,0.4974,963.06,720.42,1037.62,843.46
224,271,9.033,cup,41,76,0.4515,801.89,818.95,912.06,968.4
225,272,9.067,person,0,41,0.4988,0.0,786.56,811.54,1406.75
226,272,9.067,bottle,39,70,0.4481,957.51,721.79,1031.83,844.99
227,272,9.067,person,0,77,0.352,873.89,780.11,1408.0,1407.41
228,273,9.1,person,0,41,0.6128,0.0,775.39,804.22,1406.85
229,273,9.1,bottle,39,70,0.4436,952.72,721.99,1027.0,845.76
230,273,9.1,person,0,77,0.4765,868.79,768.46,1408.0,1407.42
231,273,9.1,cup,41,76,0.3698,788.66,823.93,901.4,976.85
232,274,9.133,dog,16,41,0.4272,0.0,772.33,795.96,1406.63
233,274,9.133,bottle,39,70,0.4381,949.03,723.91,1022.94,847.64
234,274,9.133,person,0,77,0.4979,869.99,770.16,1408.0,1407.25
235,274,9.133,refrigerator,72,80,0.3821,0.0,22.77,1408.0,1389.6
236,275,9.167,dog,16,41,0.5107,0.0,770.44,795.69,1407.51
237,275,9.167,bottle,39,70,0.3803,945.77,725.92,1019.39,850.04
238,275,9.167,person,0,77,0.4588,869.45,767.04,1408.0,1406.95
239,276,9.2,dog,16,41,0.4201,0.0,770.69,795.45,1406.54
240,276,9.2,bottle,39,70,0.3961,943.53,726.15,1017.85,852.15
241,276,9.2,person,0,77,0.3887,868.51,767.46,1408.0,1406.91
242,276,9.2,refrigerator,72,80,0.5885,0.0,18.7,1408.0,1388.74
243,277,9.233,dog,16,41,0.6953,0.0,773.25,798.34,1407.14
244,277,9.233,person,0,77,0.5006,866.75,766.76,1408.0,1406.89
245,277,9.233,refrigerator,72,80,0.3798,0.0,17.59,1391.85,1365.98
246,278,9.267,dog,16,41,0.5594,0.0,778.9,794.79,1406.43
247,278,9.267,person,0,77,0.607,866.94,763.54,1408.0,1407.12
248,278,9.267,refrigerator,72,80,0.4085,0.0,14.61,1384.03,1359.81
249,278,9.267,bottle,39,70,0.3921,939.03,727.55,1012.82,853.39
250,279,9.3,dog,16,41,0.5952,0.0,783.89,791.69,1407.35
251,279,9.3,person,0,77,0.6321,865.82,762.1,1408.0,1407.16
252,279,9.3,refrigerator,72,80,0.3943,0.0,16.87,1373.1,1333.99
253,279,9.3,bottle,39,70,0.3848,938.75,727.79,1011.81,853.1
254,280,9.333,dog,16,41,0.4361,0.0,791.97,785.0,1407.03
255,280,9.333,person,0,77,0.6016,862.75,759.45,1408.0,1407.06
256,280,9.333,bottle,39,70,0.3884,937.72,728.09,1011.21,854.94
257,280,9.333,cup,41,76,0.3591,765.69,836.57,886.96,1001.95
258,281,9.367,dog,16,41,0.5972,0.0,800.11,781.78,1406.3
259,281,9.367,person,0,77,0.6429,860.27,756.85,1408.0,1407.0
260,281,9.367,bottle,39,70,0.38,937.19,728.64,1010.42,855.59
261,282,9.4,person,0,41,0.5281,0.0,811.53,761.01,1406.58
262,282,9.4,person,0,77,0.6219,863.23,768.92,1405.25,1406.79
263,282,9.4,dog,16,84,0.3944,1.7,813.56,767.37,1405.44
264,283,9.433,person,0,77,0.659,858.97,762.85,1406.11,1406.72
265,283,9.433,bottle,39,70,0.3565,927.89,729.89,1001.11,856.53
266,284,9.467,person,0,77,0.4997,858.5,752.78,1408.0,1406.78
267,284,9.467,bottle,39,70,0.5021,920.15,730.24,993.69,857.66
268,284,9.467,person,0,41,0.4801,0.0,811.25,761.6,1406.57
269,285,9.5,person,0,77,0.442,857.38,742.76,1408.0,1406.63
270,285,9.5,bottle,39,70,0.4762,912.91,732.02,985.46,857.61
271,285,9.5,bottle,39,85,0.3625,799.82,333.75,894.48,530.61
272,285,9.5,person,0,41,0.5437,0.0,815.32,745.78,1406.46
273,286,9.533,person,0,77,0.4533,855.2,739.29,1408.0,1407.03
274,286,9.533,bottle,39,70,0.4616,905.1,731.23,977.96,857.5
275,286,9.533,person,0,41,0.625,0.0,815.56,748.32,1405.99
276,287,9.567,person,0,77,0.3873,835.35,735.0,1402.45,1406.55
277,287,9.567,bottle,39,70,0.5337,899.01,730.6,972.02,856.85
278,287,9.567,person,0,41,0.6678,0.0,814.25,748.4,1405.71
279,288,9.6,bottle,39,70,0.3544,893.25,730.33,966.04,855.96
280,288,9.6,person,0,41,0.5129,0.0,817.04,739.64,1405.6
281,289,9.633,bottle,39,70,0.4231,889.04,729.42,962.45,855.91
282,289,9.633,person,0,41,0.4461,0.0,826.24,721.24,1405.39
283,289,9.633,person,0,77,0.3662,840.45,732.87,1408.0,1406.5
284,290,9.667,bottle,39,70,0.5296,884.61,728.38,958.29,856.06
285,290,9.667,person,0,41,0.3741,0.0,828.58,709.48,1405.35
286,290,9.667,person,0,77,0.437,842.78,734.92,1408.0,1406.42
287,291,9.7,bottle,39,70,0.5717,881.6,725.96,955.65,854.79
288,291,9.7,person,0,41,0.5662,0.0,820.69,723.17,1405.53
289,291,9.7,person,0,77,0.4005,820.68,735.62,1390.85,1405.75
290,292,9.733,bottle,39,70,0.5519,880.43,722.68,955.11,853.34
291,292,9.733,dog,16,41,0.5073,0.0,815.75,729.43,1406.74
292,292,9.733,person,0,77,0.4316,832.4,736.59,1401.63,1406.23
293,293,9.767,bottle,39,70,0.5949,879.38,720.15,954.08,851.38
294,293,9.767,person,0,41,0.6308,0.0,815.55,728.79,1405.71
295,293,9.767,person,0,77,0.4266,837.11,735.51,1406.72,1406.58
296,293,9.767,dog,16,86,0.4039,0.0,812.46,726.35,1406.72
297,294,9.8,bottle,39,70,0.5504,878.7,719.0,953.15,850.09
298,294,9.8,person,0,41,0.3544,0.0,810.49,729.76,1405.67
299,294,9.8,person,0,77,0.5814,839.44,735.93,1408.0,1406.76
300,294,9.8,dog,16,86,0.6582,0.0,809.31,724.65,1406.92
301,295,9.833,bottle,39,70,0.4452,875.27,719.23,948.98,848.6
302,295,9.833,dog,16,41,0.4868,0.0,807.77,729.0,1406.08
303,295,9.833,person,0,77,0.4487,851.47,739.63,1408.0,1406.22
304,295,9.833,person,0,86,0.5685,0.0,805.36,725.38,1406.31
305,296,9.867,bottle,39,70,0.3928,867.74,720.52,941.97,850.79
306,296,9.867,dog,16,41,0.5357,0.0,810.53,723.73,1406.17
307,296,9.867,person,0,77,0.3643,867.49,747.51,1408.0,1406.08
308,296,9.867,person,0,86,0.394,0.0,811.53,720.19,1406.39
309,297,9.9,bottle,39,70,0.3679,859.73,725.2,932.52,852.7
310,298,9.933,bottle,39,70,0.4755,855.24,728.76,928.02,855.83
311,298,9.933,person,0,41,0.6571,0.0,820.84,711.76,1406.65
312,298,9.933,person,0,77,0.3791,883.29,766.25,1408.0,1406.01
313,299,9.967,bottle,39,70,0.5143,850.62,732.49,923.41,860.01
314,299,9.967,person,0,41,0.7457,0.0,827.26,699.84,1406.43
315,299,9.967,person,0,77,0.3802,891.19,771.65,1408.0,1406.41
316,300,10.0,bottle,39,70,0.6031,847.92,735.09,920.82,863.21
317,300,10.0,person,0,41,0.726,0.0,828.83,692.14,1406.46
318,300,10.0,person,0,77,0.3692,891.62,788.37,1407.16,1406.44
319,301,10.033,bottle,39,70,0.5386,847.29,734.8,920.28,863.37
320,301,10.033,person,0,41,0.5594,0.0,826.57,686.23,1405.09
321,302,10.067,bottle,39,70,0.5332,848.45,735.86,921.35,864.43
322,302,10.067,person,0,41,0.729,0.0,824.31,682.11,1405.67
323,303,10.1,dog,16,41,0.5408,0.0,823.68,680.6,1405.23
324,304,10.133,dog,16,41,0.437,0.0,820.94,681.39,1404.73
325,304,10.133,person,0,77,0.3696,853.1,757.05,1398.67,1407.91
326,305,10.167,dog,16,41,0.375,0.0,826.49,651.96,1406.28
327,305,10.167,person,0,77,0.4672,855.42,744.56,1408.0,1408.0
328,306,10.2,person,0,77,0.4914,856.39,739.41,1408.0,1408.0
329,306,10.2,bottle,39,89,0.4257,878.22,737.9,952.95,867.46
330,307,10.233,person,0,77,0.4179,864.18,754.03,1408.0,1408.0
331,307,10.233,bottle,39,89,0.3979,886.23,739.06,960.54,867.88
332,307,10.233,person,0,41,0.4315,0.0,831.62,669.58,1404.34
333,308,10.267,person,0,77,0.4634,869.61,745.4,1408.0,1408.0
334,308,10.267,bottle,39,89,0.4694,896.82,738.63,972.0,868.94
335,308,10.267,person,0,41,0.369,0.09,829.58,677.91,1404.41
336,309,10.3,person,0,77,0.5063,867.76,740.35,1408.0,1407.89
337,309,10.3,bottle,39,89,0.5124,907.28,737.24,982.11,866.87
338,309,10.3,person,0,41,0.4937,3.07,827.07,683.54,1403.31
339,309,10.3,bottle,39,85,0.3523,792.62,345.07,887.15,543.49
340,310,10.333,person,0,77,0.4573,874.7,743.61,1408.0,1407.74
341,310,10.333,bottle,39,89,0.4122,918.83,735.66,993.68,865.33
342,310,10.333,dog,16,41,0.4818,2.51,823.88,689.27,1405.06
343,311,10.367,person,0,77,0.4154,877.52,760.3,1408.0,1407.27
344,311,10.367,dog,16,41,0.5485,4.88,819.11,699.73,1405.96
345,312,10.4,person,0,77,0.3514,887.4,773.75,1407.58,1407.26
346,312,10.4,person,0,41,0.4488,0.0,817.95,687.82,1406.28
347,312,10.4,bottle,39,89,0.4207,938.07,732.48,1012.29,861.02
348,313,10.433,person,0,77,0.4292,883.09,761.12,1408.0,1407.38
349,313,10.433,person,0,41,0.6264,0.0,815.34,691.84,1406.29
350,313,10.433,bottle,39,89,0.4186,944.8,730.84,1017.35,856.1
351,314,10.467,person,0,77,0.6114,883.23,764.17,1408.0,1407.09
352,314,10.467,dog,16,41,0.6014,0.0,809.84,689.65,1406.72
353,315,10.5,person,0,77,0.5518,886.53,770.7,1407.62,1407.38
354,315,10.5,person,0,41,0.5803,0.0,820.46,682.54,1406.57
355,315,10.5,dog,16,91,0.5548,0.0,818.89,675.51,1406.82
356,315,10.5,bottle,39,89,0.3695,951.48,726.82,1025.8,855.31
357,316,10.533,person,0,77,0.4598,889.66,775.14,1407.26,1407.59
358,316,10.533,cup,41,92,0.3877,780.94,841.34,902.52,1011.94
359,316,10.533,bottle,39,89,0.3986,954.42,726.77,1028.94,855.92
360,317,10.567,cup,41,92,0.3894,783.73,841.67,905.23,1012.14
361,317,10.567,bottle,39,89,0.3606,958.32,727.3,1031.84,854.75
362,317,10.567,person,0,41,0.5574,3.35,835.56,673.87,1406.21
363,318,10.6,bottle,39,89,0.3533,959.78,725.85,1033.46,853.29
364,318,10.6,person,0,41,0.468,4.86,837.56,674.6,1406.47
365,318,10.6,person,0,77,0.4029,896.2,782.85,1407.45,1407.7
366,319,10.633,bottle,39,89,0.4597,959.46,722.15,1033.97,851.01
367,320,10.667,bottle,39,89,0.4145,958.31,718.64,1032.55,847.05
368,320,10.667,bottle,39,93,0.4082,564.8,324.25,701.24,543.33
369,320,10.667,cup,41,92,0.3792,787.75,835.07,906.67,1001.89
370,320,10.667,person,0,41,0.3634,0.0,751.57,746.64,1406.31
371,321,10.7,bottle,39,89,0.3549,956.16,713.94,1030.17,842.29
372,321,10.7,cup,41,92,0.4468,786.11,832.49,904.89,998.93
373,322,10.733,bottle,39,89,0.3934,953.68,710.02,1027.75,838.63
374,322,10.733,cup,41,92,0.4069,784.3,827.89,904.72,996.96
375,323,10.767,cup,41,92,0.3748,784.11,824.03,903.55,992.12
376,323,10.767,cat,15,41,0.3807,0.0,692.04,769.79,1403.91
377,324,10.8,cup,41,92,0.4927,784.82,820.88,903.55,988.2
378,324,10.8,cat,15,41,0.4849,0.0,682.28,770.36,1403.87
379,324,10.8,person,0,77,0.3635,899.49,781.77,1408.0,1407.22
380,324,10.8,bottle,39,89,0.3786,951.72,702.93,1024.77,829.62
381,325,10.833,cup,41,92,0.4316,785.08,820.21,903.09,986.72
382,325,10.833,person,0,41,0.5361,0.0,677.34,768.83,1404.09
383,325,10.833,bottle,39,89,0.3575,951.7,702.08,1024.31,827.14
384,326,10.867,cup,41,92,0.399,786.98,821.11,903.76,985.98
385,326,10.867,person,0,41,0.5509,0.0,685.17,763.11,1402.54
386,326,10.867,bottle,39,89,0.3819,952.12,702.29,1024.73,826.81
387,327,10.9,cup,41,92,0.3728,790.63,821.86,907.76,987.45
388,327,10.9,person,0,41,0.4891,0.0,699.79,761.83,1403.58
389,327,10.9,bottle,39,89,0.4619,955.33,702.88,1029.26,829.89
390,327,10.9,person,0,77,0.3837,908.53,798.39,1406.36,1406.88
391,328,10.933,cup,41,92,0.3696,799.67,821.03,917.41,987.65
392,328,10.933,person,0,41,0.5944,1.44,722.46,753.46,1402.95
393,328,10.933,bottle,39,89,0.3667,963.54,704.32,1037.48,830.7
394,329,10.967,cup,41,92,0.3682,813.42,821.26,929.97,985.79
395,329,10.967,person,0,41,0.4345,12.56,757.43,730.15,1403.52
396,329,10.967,bottle,39,85,0.366,770.13,342.3,861.74,531.21
397,330,11.0,person,0,41,0.4232,14.16,795.27,694.51,1405.05
398,330,11.0,refrigerator,72,98,0.6223,0.0,19.16,1408.0,1390.56
399,331,11.033,person,0,41,0.6058,23.21,841.51,659.49,1406.24
400,331,11.033,refrigerator,72,98,0.6202,0.0,10.06,1408.0,1363.19
401,332,11.067,person,0,41,0.5938,47.74,900.53,628.67,1407.09
402,332,11.067,refrigerator,72,98,0.6822,0.0,6.47,1408.0,1384.4
403,333,11.1,person,0,41,0.3922,83.46,953.4,624.03,1407.38
404,333,11.1,refrigerator,72,98,0.4443,0.0,1.16,1408.0,1402.05
405,333,11.1,cup,41,104,0.4704,882.93,802.5,1001.97,962.05
406,334,11.133,refrigerator,72,98,0.4937,0.0,0.0,1408.0,1382.64
407,334,11.133,cup,41,104,0.6538,902.07,798.58,1020.09,955.72
408,335,11.167,cup,41,104,0.5484,926.75,791.53,1045.45,947.84
409,336,11.2,cup,41,104,0.4245,969.28,786.03,1087.69,942.05
410,345,11.5,oven,69,119,0.4203,16.45,894.5,492.67,1311.26
411,347,11.567,oven,69,119,0.3611,36.16,862.87,521.18,1285.41
412,349,11.633,cup,41,121,0.6322,720.35,1002.18,989.77,1291.0
413,349,11.633,person,0,77,0.3594,916.09,793.76,1408.0,1406.89
414,350,11.667,cup,41,121,0.79,721.01,1001.06,996.97,1297.45
415,350,11.667,person,0,77,0.367,960.05,784.5,1408.0,1406.48
416,351,11.7,cup,41,121,0.6773,727.97,1004.91,1008.86,1307.6
417,351,11.7,person,0,77,0.5199,931.42,776.19,1408.0,1406.66
418,352,11.733,cup,41,121,0.5712,744.87,1021.33,1026.24,1325.96
419,353,11.767,cup,41,121,0.4947,764.65,1047.19,1044.26,1351.62
420,353,11.767,person,0,77,0.401,915.31,775.63,1404.64,1406.03
421,358,11.933,oven,69,129,0.4867,500.93,825.48,922.42,1154.34
422,358,11.933,refrigerator,72,130,0.6033,330.31,450.53,589.47,1101.69
423,359,11.967,oven,69,129,0.3955,522.88,822.44,946.11,1152.1
424,359,11.967,refrigerator,72,130,0.748,347.51,448.95,605.85,1098.25
425,360,12.0,oven,69,129,0.3634,543.51,820.06,966.81,1149.0
426,360,12.0,refrigerator,72,130,0.8341,366.97,446.41,622.2,1087.25
427,361,12.033,oven,69,129,0.51,562.71,817.53,989.08,1148.63
428,361,12.033,refrigerator,72,130,0.8713,383.81,441.06,638.39,1080.27
429,361,12.033,bottle,39,133,0.5944,419.69,303.54,466.67,445.19
430,362,12.067,refrigerator,72,130,0.8826,396.74,436.19,650.96,1074.52
431,362,12.067,bottle,39,133,0.5394,434.25,300.01,481.04,441.02
432,362,12.067,oven,69,134,0.363,533.53,801.81,1292.62,1406.07
433,363,12.1,refrigerator,72,130,0.7673,405.3,432.91,660.61,1074.55
434,363,12.1,bottle,39,133,0.5252,449.25,298.19,495.62,437.56
435,364,12.133,refrigerator,72,130,0.8617,416.5,432.48,673.15,1078.2
436,364,12.133,bottle,39,133,0.6134,462.76,295.37,509.82,436.61
437,365,12.167,refrigerator,72,130,0.8217,427.31,431.56,683.98,1076.87
438,365,12.167,bottle,39,133,0.5466,474.75,292.21,522.29,434.42
439,366,12.2,refrigerator,72,130,0.8945,438.16,431.17,695.72,1079.52
440,366,12.2,bottle,39,133,0.4608,487.07,291.55,534.94,434.04
441,366,12.2,chair,56,134,0.4076,598.16,785.79,1377.41,1405.18
442,367,12.233,refrigerator,72,130,0.843,449.13,429.49,708.16,1082.26
443,367,12.233,bottle,39,133,0.6119,499.15,289.46,547.99,434.93
444,367,12.233,oven,69,129,0.4452,628.04,815.78,1115.05,1192.56
445,368,12.267,refrigerator,72,130,0.8464,458.98,428.03,718.99,1086.09
446,368,12.267,bottle,39,133,0.5504,509.91,288.41,558.64,433.21
447,368,12.267,oven,69,129,0.4457,631.15,816.33,1129.34,1202.29
448,369,12.3,refrigerator,72,130,0.8739,467.54,429.15,727.82,1088.58
449,369,12.3,bottle,39,133,0.5295,518.23,287.17,567.07,432.08
450,369,12.3,oven,69,129,0.582,641.99,822.37,1142.56,1210.71
451,370,12.333,refrigerator,72,130,0.8746,470.33,429.81,733.63,1097.75
452,370,12.333,bottle,39,133,0.5808,522.73,284.49,572.62,432.46
453,370,12.333,oven,69,129,0.5647,645.52,825.3,1158.6,1224.09
454,371,12.367,refrigerator,72,130,0.8668,470.97,429.28,739.16,1109.7
455,371,12.367,bottle,39,133,0.5802,524.43,281.47,575.27,431.95
456,371,12.367,oven,69,129,0.4874,665.69,831.1,1190.06,1237.12
457,372,12.4,refrigerator,72,130,0.8825,471.38,425.63,744.15,1117.32
458,372,12.4,bottle,39,133,0.6042,525.82,275.6,577.94,429.34
459,372,12.4,oven,69,129,0.4834,689.85,827.0,1226.15,1246.35
460,373,12.433,refrigerator,72,130,0.8751,473.16,421.79,748.79,1118.69
461,373,12.433,bottle,39,133,0.656,526.99,269.35,579.55,423.47
462,373,12.433,oven,69,129,0.3998,691.73,823.95,1241.49,1254.85
463,374,12.467,refrigerator,72,130,0.874,472.17,414.95,751.91,1120.15
464,374,12.467,bottle,39,133,0.6926,526.59,259.81,579.96,415.89
465,374,12.467,oven,69,129,0.422,707.0,823.1,1262.56,1261.61
466,375,12.5,refrigerator,72,130,0.8744,468.45,407.08,751.89,1119.56
467,375,12.5,bottle,39,133,0.6448,524.44,250.04,578.6,407.82
468,375,12.5,oven,69,129,0.5133,698.73,808.61,1292.39,1279.09
469,376,12.533,refrigerator,72,130,0.895,466.13,400.35,753.34,1120.18
470,376,12.533,bottle,39,133,0.6184,522.12,240.3,577.6,401.52
471,376,12.533,oven,69,129,0.5097,699.74,805.98,1307.13,1289.33
472,377,12.567,refrigerator,72,130,0.9016,465.48,392.29,756.22,1118.34
473,377,12.567,bottle,39,133,0.6294,520.16,229.08,577.2,394.35
474,377,12.567,oven,69,129,0.6588,698.55,804.85,1329.25,1310.84
475,378,12.6,refrigerator,72,130,0.9012,463.76,383.34,759.46,1119.69
476,378,12.6,bottle,39,133,0.6829,519.19,218.33,577.4,385.99
477,378,12.6,oven,69,129,0.6532,710.87,803.27,1352.48,1320.26
478,379,12.633,refrigerator,72,130,0.8918,462.54,377.96,762.09,1122.06
479,379,12.633,bottle,39,133,0.7,518.08,207.15,578.19,379.93
480,379,12.633,oven,69,129,0.6973,694.26,804.58,1392.65,1375.17
481,380,12.667,refrigerator,72,130,0.9044,459.93,372.64,763.93,1125.21
482,380,12.667,bottle,39,133,0.6347,517.12,197.88,578.85,374.63
483,380,12.667,oven,69,129,0.6466,723.16,804.01,1389.35,1348.63
484,381,12.7,refrigerator,72,130,0.8915,459.11,366.86,767.87,1128.93
485,381,12.7,bottle,39,133,0.6552,517.05,192.3,578.92,368.29
486,381,12.7,oven,69,129,0.6723,728.24,803.47,1385.4,1343.55
487,382,12.733,refrigerator,72,130,0.9025,459.39,362.31,772.22,1131.37
488,382,12.733,bottle,39,133,0.6672,515.87,183.57,578.73,361.5
489,382,12.733,oven,69,129,0.7248,709.94,804.09,1407.98,1385.83
490,383,12.767,refrigerator,72,130,0.885,456.32,356.13,774.12,1134.04
491,383,12.767,bottle,39,133,0.7136,514.87,175.63,578.99,355.74
492,383,12.767,oven,69,129,0.6472,706.77,804.36,1408.0,1400.99
493,384,12.8,refrigerator,72,130,0.9065,454.42,348.36,777.76,1137.2
494,384,12.8,bottle,39,133,0.7009,513.8,162.59,580.05,347.89
495,384,12.8,oven,69,129,0.6027,707.25,800.16,1408.0,1407.04
496,385,12.833,refrigerator,72,130,0.8822,453.73,338.71,782.73,1139.68
497,385,12.833,bottle,39,133,0.6813,512.17,150.87,579.93,340.13
498,385,12.833,oven,69,129,0.6741,744.28,799.63,1397.05,1359.99
499,386,12.867,refrigerator,72,130,0.9007,451.01,326.63,788.4,1146.34
500,386,12.867,bottle,39,133,0.7353,510.6,139.85,579.05,330.49
501,386,12.867,oven,69,129,0.5719,767.02,788.67,1392.19,1327.51
502,387,12.9,refrigerator,72,130,0.9009,449.29,318.24,793.8,1154.36
503,387,12.9,bottle,39,133,0.5427,508.91,127.98,579.49,323.61
504,387,12.9,oven,69,129,0.5381,750.91,791.09,1408.0,1376.71
505,388,12.933,refrigerator,72,130,0.9108,444.1,312.3,796.34,1165.45
506,388,12.933,bottle,39,133,0.6451,505.76,120.01,577.86,319.3
507,388,12.933,oven,69,129,0.4975,781.91,781.31,1408.0,1333.92
508,389,12.967,refrigerator,72,130,0.8635,436.29,306.13,798.26,1179.0
509,389,12.967,bottle,39,133,0.6714,501.34,112.41,574.35,312.88
510,390,13.0,refrigerator,72,130,0.8755,427.55,296.78,801.51,1195.97
511,390,13.0,bottle,39,133,0.6811,495.14,100.84,569.67,305.28
512,391,13.033,refrigerator,72,130,0.9,419.11,289.46,803.67,1209.49
513,391,13.033,bottle,39,133,0.623,490.04,92.1,565.95,298.61
514,392,13.067,refrigerator,72,130,0.864,411.31,278.94,806.66,1222.32
515,392,13.067,bottle,39,133,0.4608,482.2,76.58,561.52,290.41
516,393,13.1,refrigerator,72,130,0.8767,399.32,260.34,806.81,1229.08
517,393,13.1,bottle,39,133,0.5618,474.5,61.33,555.12,276.11
518,393,13.1,cup,41,135,0.4141,771.04,1260.49,951.12,1407.8
519,394,13.133,refrigerator,72,130,0.8277,387.8,244.45,806.78,1236.4
520,394,13.133,bottle,39,133,0.4611,461.9,46.72,543.21,260.26
521,394,13.133,cup,41,135,0.6319,761.42,1243.78,960.73,1407.51
522,395,13.167,refrigerator,72,130,0.801,371.3,229.09,803.95,1245.5
523,395,13.167,cup,41,135,0.5416,752.33,1224.16,969.92,1404.51
524,396,13.2,refrigerator,72,130,0.8801,361.9,213.06,806.36,1250.2
525,396,13.2,cup,41,135,0.772,747.24,1204.1,973.99,1394.49
526,397,13.233,refrigerator,72,130,0.8529,352.41,195.46,808.3,1252.64
527,397,13.233,cup,41,135,0.6712,744.24,1183.43,973.42,1379.0
528,398,13.267,refrigerator,72,130,0.8711,340.69,176.02,807.61,1250.43
529,398,13.267,cup,41,135,0.6805,742.7,1164.95,970.87,1363.28
530,399,13.3,refrigerator,72,130,0.8553,329.44,152.93,809.35,1249.39
531,399,13.3,cup,41,135,0.7063,742.25,1148.06,967.12,1347.67
532,400,13.333,refrigerator,72,130,0.8203,322.25,134.24,811.99,1247.79
533,400,13.333,cup,41,135,0.7815,745.39,1133.3,963.96,1331.57
534,401,13.367,refrigerator,72,130,0.7786,311.74,116.65,812.12,1249.46
535,401,13.367,cup,41,135,0.7724,747.88,1124.36,962.76,1323.78
536,402,13.4,refrigerator,72,130,0.7868,300.84,102.46,811.22,1254.01
537,402,13.4,cup,41,135,0.8161,750.39,1121.13,958.47,1318.71
538,403,13.433,refrigerator,72,130,0.5755,272.99,83.43,799.17,1261.3
539,403,13.433,cup,41,135,0.8289,751.08,1119.31,954.28,1316.77
540,404,13.467,refrigerator,72,130,0.4461,162.72,56.37,734.91,1284.68
541,404,13.467,cup,41,135,0.8334,751.89,1118.72,949.57,1315.29
542,405,13.5,refrigerator,72,130,0.6481,112.99,44.28,718.58,1298.85
543,405,13.5,cup,41,135,0.8099,752.27,1118.33,945.26,1314.62
544,406,13.533,refrigerator,72,130,0.7443,81.38,27.61,715.15,1305.97
545,406,13.533,cup,41,135,0.8412,751.6,1118.67,940.59,1315.14
546,407,13.567,refrigerator,72,130,0.7014,58.57,16.65,717.75,1320.57
547,407,13.567,cup,41,135,0.8139,753.41,1121.99,937.38,1317.17
548,408,13.6,refrigerator,72,130,0.7158,39.49,3.03,728.44,1348.31
549,408,13.6,cup,41,135,0.8658,756.64,1125.47,936.66,1319.92
550,409,13.633,refrigerator,72,130,0.6124,26.72,2.47,731.11,1365.06
551,409,13.633,cup,41,135,0.8311,759.89,1132.13,933.46,1322.69
552,410,13.667,cup,41,135,0.8209,763.63,1141.72,935.24,1332.93
553,411,13.7,cup,41,135,0.8157,769.34,1150.34,939.91,1342.9
554,411,13.7,refrigerator,72,130,0.4741,10.02,9.08,722.94,1381.92
555,412,13.733,cup,41,135,0.7943,776.47,1159.92,943.18,1350.27
556,413,13.767,cup,41,135,0.7486,781.24,1168.53,943.94,1355.91
557,413,13.767,refrigerator,72,130,0.3633,1.14,11.09,706.82,1367.52
558,414,13.8,cup,41,135,0.7142,783.93,1172.7,943.25,1357.65
559,415,13.833,cup,41,135,0.7391,786.19,1175.35,942.23,1357.59
560,416,13.867,cup,41,135,0.6667,788.64,1179.36,940.26,1356.98
561,417,13.9,cup,41,135,0.7718,789.9,1183.09,938.89,1357.91
562,418,13.933,cup,41,135,0.7287,790.08,1185.25,938.6,1359.97
563,419,13.967,cup,41,135,0.7045,790.8,1185.97,939.07,1360.77
564,419,13.967,bottle,39,140,0.4351,752.3,768.75,930.41,1175.96
565,420,14.0,cup,41,135,0.6322,791.94,1184.27,938.47,1357.01
566,420,14.0,bottle,39,140,0.3917,752.98,769.08,926.36,1165.42
567,420,14.0,refrigerator,72,130,0.359,0.0,8.95,672.86,1399.94
568,421,14.033,cup,41,135,0.6112,791.61,1178.09,939.89,1353.34
569,422,14.067,cup,41,135,0.7275,791.05,1168.83,939.18,1344.38
570,422,14.067,cup,41,142,0.4554,960.42,859.34,1139.54,1075.94
571,422,14.067,bottle,39,140,0.4644,751.86,763.25,920.86,1149.1
572,423,14.1,cup,41,135,0.4489,787.08,1157.05,933.1,1329.8
573,423,14.1,bottle,39,140,0.3943,749.65,758.9,913.96,1132.85
574,423,14.1,refrigerator,72,130,0.3691,0.0,5.97,654.35,1402.46
575,424,14.133,cup,41,135,0.6317,778.64,1143.88,925.71,1318.22
576,424,14.133,bottle,39,140,0.4035,745.19,756.41,913.48,1138.51
577,425,14.167,cup,41,135,0.6392,771.3,1132.68,917.21,1306.02
578,425,14.167,cup,41,142,0.3619,945.78,847.88,1125.33,1064.94
579,426,14.2,cup,41,135,0.7053,761.84,1119.95,907.4,1293.07
580,426,14.2,cup,41,142,0.4368,941.49,844.09,1121.57,1061.81
581,427,14.233,cup,41,135,0.7048,753.83,1106.83,898.09,1279.52
582,427,14.233,cup,41,142,0.6152,938.07,840.7,1118.46,1058.65
583,428,14.267,cup,41,135,0.6697,745.26,1091.0,889.82,1265.1
584,428,14.267,cup,41,142,0.3847,936.41,837.33,1116.07,1054.19
585,429,14.3,cup,41,135,0.7985,739.39,1077.28,881.47,1249.27
586,429,14.3,cup,41,142,0.5735,935.35,833.26,1115.93,1051.02
587,430,14.333,cup,41,135,0.7216,737.3,1068.13,874.67,1234.84
588,430,14.333,cup,41,142,0.4141,934.76,830.78,1116.42,1049.68
589,431,14.367,cup,41,135,0.7302,737.31,1058.29,870.93,1220.86
590,431,14.367,cup,41,142,0.4456,937.16,829.58,1119.62,1049.49
591,431,14.367,person,0,146,0.4288,437.9,1021.55,1100.74,1407.88
592,432,14.4,cup,41,135,0.7535,736.53,1059.45,867.89,1219.61
593,432,14.4,cup,41,142,0.4133,941.46,830.55,1124.35,1050.81
594,432,14.4,person,0,146,0.3716,443.82,1032.73,1088.37,1407.86
595,433,14.433,cup,41,135,0.5914,740.58,1064.93,870.41,1222.99
596,433,14.433,cup,41,142,0.3521,948.41,835.62,1131.19,1055.53
597,434,14.467,cup,41,135,0.5262,749.22,1071.39,878.28,1227.58
598,435,14.5,cup,41,135,0.5852,756.15,1079.33,883.57,1232.87
599,435,14.5,person,0,146,0.4588,450.63,1023.36,1115.03,1407.86
600,436,14.533,cup,41,135,0.4819,759.65,1082.13,888.47,1236.44
601,437,14.567,cup,41,135,0.5171,759.48,1086.07,887.44,1238.58
602,437,14.567,cup,41,142,0.5416,967.52,852.13,1153.57,1075.68
603,439,14.633,cup,41,142,0.4388,964.87,868.65,1149.16,1089.72
604,442,14.733,cup,41,147,0.4557,725.61,1128.15,890.22,1286.68
605,443,14.767,cup,41,147,0.4975,721.87,1134.17,884.95,1291.2
606,444,14.8,cup,41,147,0.4677,714.19,1136.07,880.2,1295.96
607,445,14.833,cup,41,147,0.4679,711.65,1142.89,874.39,1299.43
608,448,14.933,person,0,148,0.4458,859.61,933.96,1399.93,1406.68
609,450,15.0,person,0,148,0.4461,821.29,893.38,1407.87,1406.74
610,451,15.033,person,0,148,0.5014,787.03,841.03,1408.0,1405.76
611,452,15.067,person,0,148,0.3771,781.25,823.73,1408.0,1405.53
612,453,15.1,person,0,148,0.5995,777.46,819.89,1408.0,1405.7
613,454,15.133,person,0,148,0.413,772.46,812.61,1408.0,1406.52
614,455,15.167,person,0,148,0.5487,768.73,811.32,1408.0,1406.02
615,456,15.2,person,0,148,0.5566,761.85,809.94,1408.0,1405.84
616,457,15.233,person,0,148,0.7295,758.14,812.12,1408.0,1405.27
617,458,15.267,person,0,148,0.6848,756.75,813.43,1408.0,1405.37
618,459,15.3,person,0,148,0.4747,754.1,814.73,1408.0,1405.11
619,460,15.333,person,0,148,0.7079,756.65,816.97,1408.0,1404.99
620,461,15.367,person,0,148,0.4633,756.21,814.61,1408.0,1405.56
621,462,15.4,person,0,148,0.6236,757.76,815.04,1408.0,1406.84
622,463,15.433,person,0,148,0.4205,758.1,808.72,1408.0,1405.1
623,464,15.467,person,0,148,0.5329,751.33,800.15,1408.0,1404.51
624,465,15.5,person,0,148,0.7328,753.76,798.66,1408.0,1404.32
625,466,15.533,person,0,148,0.6074,759.44,801.76,1408.0,1405.08
626,467,15.567,person,0,148,0.6731,756.49,800.95,1408.0,1406.15
627,469,15.633,person,0,148,0.3574,765.45,860.1,1370.79,1405.49
628,471,15.7,cup,41,147,0.5837,653.2,1205.55,808.74,1346.56
629,473,15.767,tv,62,150,0.3529,0.0,6.09,1175.72,846.48
630,473,15.767,microwave,68,151,0.4656,0.0,3.6,1165.2,827.28
631,476,15.867,person,0,152,0.3886,574.08,1033.15,1089.58,1403.85
632,477,15.9,person,0,152,0.4534,551.58,1034.12,1070.08,1405.83
633,478,15.933,person,0,152,0.3896,549.63,1042.49,1061.44,1406.9
634,479,15.967,person,0,152,0.5693,539.61,1049.3,1048.78,1407.67
635,480,16.0,person,0,152,0.4734,543.68,1057.13,1051.89,1407.48
636,481,16.033,person,0,152,0.647,535.05,1062.78,1045.6,1407.23
637,481,16.033,cup,41,154,0.4383,711.55,847.19,887.14,1076.16
638,482,16.067,person,0,152,0.5914,516.41,1068.18,1029.29,1407.45
639,483,16.1,person,0,152,0.7584,496.12,1072.71,1011.87,1407.81
640,483,16.1,cup,41,154,0.5217,696.07,846.5,872.11,1075.61
641,484,16.133,person,0,152,0.6858,488.43,1073.73,1012.5,1407.75
642,485,16.167,person,0,152,0.5971,495.05,1074.29,1030.86,1407.56
643,485,16.167,cup,41,154,0.3979,691.27,849.43,867.16,1077.49
644,486,16.2,person,0,152,0.7433,477.84,1074.96,1022.8,1407.94
645,486,16.2,cup,41,154,0.3874,693.68,851.41,870.37,1079.72
646,487,16.233,person,0,152,0.7039,470.0,1072.67,1033.97,1408.0
647,488,16.267,person,0,152,0.7187,493.23,1070.8,1066.11,1407.1
648,488,16.267,cup,41,154,0.3913,710.67,854.68,888.07,1083.82
649,489,16.3,person,0,152,0.7402,498.36,1063.71,1082.31,1403.75
650,489,16.3,cup,41,154,0.4867,724.22,857.01,901.61,1086.43
651,490,16.333,person,0,152,0.7219,492.19,1033.44,1124.98,1402.03
652,491,16.367,person,0,152,0.5445,483.18,998.7,1168.21,1400.23
653,491,16.367,cup,41,147,0.6361,576.84,1201.88,748.0,1347.38
654,491,16.367,cup,41,154,0.4301,754.35,862.36,931.94,1093.86
655,492,16.4,person,0,152,0.6498,469.16,965.75,1202.37,1401.29
656,492,16.4,cup,41,147,0.4409,577.27,1195.8,755.34,1343.3
657,492,16.4,cup,41,154,0.3988,773.47,865.3,949.26,1096.88
658,493,16.433,person,0,152,0.3868,470.47,932.9,1254.06,1403.74
659,493,16.433,bottle,39,154,0.3536,797.15,871.01,962.67,1090.65
660,494,16.467,person,0,152,0.6773,484.31,896.23,1319.11,1404.12
661,495,16.5,person,0,152,0.7383,400.71,849.19,1304.76,1404.82
662,496,16.533,person,0,152,0.4706,370.69,826.48,1306.37,1406.27
663,496,16.533,person,0,148,0.4869,653.65,810.08,1351.73,1401.54
664,497,16.567,person,0,152,0.6614,356.11,807.22,1311.87,1406.77
665,498,16.6,person,0,152,0.7871,347.02,795.92,1309.46,1407.33
666,499,16.633,person,0,152,0.8008,358.0,792.49,1317.99,1407.68
667,500,16.667,person,0,152,0.8076,387.25,790.42,1356.01,1407.62
668,501,16.7,person,0,152,0.8318,406.24,788.99,1379.7,1406.77
669,502,16.733,person,0,152,0.7713,439.96,784.66,1408.0,1407.52
670,503,16.767,person,0,152,0.7413,382.31,778.75,1350.95,1407.35
671,504,16.8,person,0,152,0.752,356.26,781.61,1306.46,1406.97
672,505,16.833,person,0,152,0.7242,364.06,789.39,1289.3,1406.97
673,506,16.867,person,0,152,0.7003,384.64,795.85,1286.0,1406.64
674,507,16.9,person,0,152,0.5727,378.53,801.42,1264.75,1406.82
675,508,16.933,person,0,152,0.3782,398.69,804.76,1267.67,1405.88
676,509,16.967,person,0,152,0.4799,401.51,808.75,1258.12,1406.77
677,510,17.0,person,0,152,0.4394,463.8,811.59,1323.77,1407.58
678,511,17.033,person,0,152,0.5982,410.14,807.44,1274.05,1407.89
679,512,17.067,person,0,152,0.6194,435.11,807.47,1308.81,1408.0
680,513,17.1,person,0,152,0.5678,431.47,807.91,1312.75,1408.0
681,514,17.133,person,0,152,0.7264,445.94,807.96,1338.9,1408.0
682,515,17.167,person,0,152,0.7253,432.43,805.31,1337.74,1408.0
683,516,17.2,person,0,152,0.6219,389.88,805.95,1289.49,1408.0
684,517,17.233,person,0,152,0.7019,420.33,807.36,1325.01,1408.0
685,518,17.267,person,0,152,0.6656,428.51,806.65,1343.33,1408.0
686,519,17.3,person,0,152,0.7606,430.95,805.53,1354.53,1408.0
687,520,17.333,person,0,152,0.6258,386.82,803.12,1303.78,1408.0
688,521,17.367,person,0,152,0.7862,415.01,808.84,1334.28,1408.0
689,522,17.4,person,0,152,0.8121,421.55,811.97,1346.58,1408.0
690,523,17.433,person,0,152,0.7736,428.12,818.05,1353.92,1408.0
691,524,17.467,person,0,152,0.7157,388.03,816.12,1312.51,1408.0
692,525,17.5,person,0,152,0.6309,413.35,819.32,1341.93,1407.68
693,526,17.533,person,0,152,0.7505,429.38,823.84,1358.56,1407.89
694,526,17.533,cup,41,158,0.4052,678.19,1131.8,831.07,1300.46
695,527,17.567,person,0,152,0.4067,461.61,837.34,1375.17,1407.97
696,527,17.567,person,0,148,0.547,778.86,830.71,1408.0,1406.48
697,528,17.6,person,0,148,0.6203,787.13,847.24,1408.0,1405.99
698,528,17.6,cup,41,158,0.4774,686.12,1137.04,838.25,1304.68
699,529,17.633,person,0,148,0.408,790.71,860.11,1407.51,1405.81
700,529,17.633,cup,41,158,0.4718,688.79,1138.77,841.36,1306.68
701,529,17.633,person,0,152,0.3558,414.21,879.03,1255.96,1408.0
702,530,17.667,cup,41,158,0.4577,689.44,1140.55,842.62,1308.92
703,530,17.667,person,0,152,0.5033,477.88,902.95,1301.91,1408.0
704,531,17.7,cup,41,158,0.5062,690.9,1140.89,844.55,1309.52
705,532,17.733,cup,41,158,0.6304,692.95,1140.71,845.89,1308.23
706,532,17.733,person,0,148,0.3929,817.26,937.95,1370.85,1407.82
707,533,17.767,cup,41,158,0.7481,695.81,1138.59,849.08,1306.23
708,533,17.767,cup,41,160,0.4348,969.48,925.06,1113.59,1149.48
709,534,17.8,cup,41,158,0.6748,699.22,1137.73,852.36,1304.89
710,534,17.8,cup,41,160,0.4302,964.4,924.93,1109.99,1150.75
711,535,17.833,cup,41,158,0.6622,701.36,1137.76,854.67,1304.76
712,535,17.833,person,0,152,0.4708,484.12,1047.09,1088.37,1408.0
713,536,17.867,cup,41,158,0.7411,703.12,1137.53,855.9,1303.7
714,536,17.867,person,0,152,0.4545,486.15,1067.5,1069.48,1408.0
715,536,17.867,cup,41,160,0.5611,963.82,926.88,1111.11,1153.14
716,537,17.9,cup,41,158,0.7958,704.14,1136.61,857.19,1302.75
717,537,17.9,cup,41,160,0.6709,965.03,927.3,1113.59,1153.37
718,538,17.933,cup,41,158,0.7873,706.08,1136.98,858.55,1302.05
719,538,17.933,cup,41,160,0.5186,964.04,928.59,1114.27,1154.35
720,538,17.933,person,0,152,0.4533,500.98,1092.94,1058.73,1408.0
721,539,17.967,cup,41,158,0.6344,707.84,1140.62,859.23,1304.14
722,539,17.967,cup,41,160,0.6056,963.41,931.69,1115.05,1156.09
723,539,17.967,person,0,162,0.4002,464.94,1214.98,665.4,1407.99
724,539,17.967,person,0,152,0.3852,516.36,1102.84,1077.79,1408.0
725,540,18.0,cup,41,158,0.6825,708.99,1143.89,859.91,1306.74
726,540,18.0,cup,41,160,0.5188,963.22,934.75,1116.58,1158.28
727,540,18.0,person,0,162,0.3804,474.45,1221.74,668.29,1408.0
728,540,18.0,person,0,152,0.4307,493.37,1115.16,1038.16,1408.0
729,541,18.033,cup,41,158,0.6283,709.6,1147.3,860.2,1309.54
730,541,18.033,cup,41,160,0.6148,963.06,939.8,1117.98,1162.23
731,541,18.033,person,0,162,0.3828,485.08,1231.72,669.29,1407.74
732,541,18.033,person,0,152,0.4804,506.38,1118.39,1057.53,1408.0
733,542,18.067,cup,41,158,0.5853,710.19,1148.92,861.21,1311.19
734,542,18.067,cup,41,160,0.6583,962.96,943.96,1120.06,1166.58
735,543,18.1,cup,41,158,0.6399,711.02,1151.36,863.11,1314.72
736,543,18.1,cup,41,160,0.4233,963.83,946.76,1123.7,1170.35
737,543,18.1,person,0,152,0.6396,490.67,1122.16,1037.78,1408.0
738,544,18.133,cup,41,158,0.5207,711.76,1155.2,864.69,1319.51
739,544,18.133,person,0,152,0.3658,487.74,1124.03,1031.4,1408.0
740,545,18.167,cup,41,158,0.5822,713.3,1161.54,867.83,1327.47
741,547,18.233,bottle,39,164,0.3886,736.47,860.93,930.69,1191.87
742,548,18.267,refrigerator,72,165,0.4867,12.67,16.91,659.11,1384.93
743,549,18.3,refrigerator,72,165,0.4833,20.85,18.63,666.95,1383.96
744,549,18.3,bottle,39,164,0.3693,766.68,872.01,959.27,1199.5
745,550,18.333,bottle,39,164,0.4193,787.65,874.21,979.77,1200.07
746,551,18.367,bottle,39,164,0.5042,806.13,875.48,1001.38,1206.14
747,551,18.367,refrigerator,72,165,0.4534,36.96,9.75,683.37,1369.37
748,553,18.433,refrigerator,72,165,0.3646,58.56,7.91,712.4,1368.34
749,554,18.467,refrigerator,72,165,0.4167,70.46,2.61,737.79,1372.25
750,558,18.6,refrigerator,72,165,0.4016,125.57,12.52,826.09,1403.88
751,559,18.633,refrigerator,72,165,0.4428,128.76,10.88,855.42,1401.58
752,560,18.667,refrigerator,72,165,0.5579,137.92,4.33,891.7,1392.13
753,561,18.7,refrigerator,72,165,0.7724,143.39,1.76,929.6,1394.03
754,562,18.733,refrigerator,72,165,0.8666,147.34,6.48,965.99,1401.65
755,563,18.767,refrigerator,72,165,0.8628,152.83,2.08,1003.72,1397.18
756,564,18.8,refrigerator,72,165,0.8677,158.75,1.26,1042.32,1395.77
757,565,18.833,refrigerator,72,165,0.6602,167.92,1.48,1078.6,1395.39
758,566,18.867,refrigerator,72,165,0.7948,156.49,0.27,1098.31,1398.3
759,567,18.9,refrigerator,72,165,0.6916,149.97,0.65,1122.13,1401.86
760,568,18.933,refrigerator,72,165,0.7074,143.22,0.01,1138.96,1398.45
761,569,18.967,refrigerator,72,165,0.77,342.2,1.96,1305.82,1389.57
762,570,19.0,refrigerator,72,165,0.893,437.6,3.31,1370.88,1380.91
763,570,19.0,refrigerator,72,168,0.3808,34.35,0.0,1268.53,1355.03
764,571,19.033,refrigerator,72,165,0.8927,482.73,3.39,1395.63,1383.89
765,571,19.033,refrigerator,72,168,0.3962,40.03,0.01,1278.36,1358.77
766,572,19.067,refrigerator,72,165,0.9073,514.58,3.81,1401.05,1373.67
767,573,19.1,refrigerator,72,165,0.9121,532.7,2.29,1405.76,1378.99
768,574,19.133,refrigerator,72,165,0.9191,548.04,0.7,1408.0,1383.09
769,575,19.167,refrigerator,72,165,0.911,566.39,2.54,1408.0,1385.42
770,576,19.2,refrigerator,72,165,0.9176,580.79,3.91,1408.0,1390.99
771,577,19.233,refrigerator,72,165,0.914,596.03,11.67,1408.0,1396.95
772,578,19.267,refrigerator,72,165,0.9082,611.68,20.04,1408.0,1401.78
773,579,19.3,refrigerator,72,165,0.9186,622.45,18.19,1408.0,1404.17
774,580,19.333,refrigerator,72,165,0.9136,630.49,14.33,1408.0,1405.25
775,581,19.367,refrigerator,72,165,0.9095,640.71,9.92,1408.0,1387.97
776,582,19.4,refrigerator,72,165,0.8977,644.53,7.53,1408.0,1377.38
777,583,19.433,refrigerator,72,165,0.8863,638.59,4.4,1408.0,1379.08
778,584,19.467,refrigerator,72,165,0.8769,635.21,2.41,1408.0,1377.51
779,585,19.5,refrigerator,72,165,0.8983,628.83,2.27,1408.0,1375.94
780,586,19.533,refrigerator,72,165,0.9205,628.96,2.51,1400.17,1356.56
781,587,19.567,refrigerator,72,165,0.8585,624.29,1.23,1388.66,1339.47
782,588,19.6,refrigerator,72,165,0.8776,622.15,0.85,1377.3,1314.22
783,589,19.633,refrigerator,72,165,0.8169,617.01,7.12,1376.53,1315.29
784,590,19.667,refrigerator,72,165,0.8336,611.06,7.3,1374.54,1308.77
785,591,19.7,refrigerator,72,165,0.8663,600.45,2.52,1381.32,1324.74
786,592,19.733,refrigerator,72,165,0.8612,592.6,2.87,1383.96,1334.11
787,593,19.767,refrigerator,72,165,0.8189,579.82,3.2,1384.46,1348.33
788,594,19.8,refrigerator,72,165,0.8849,576.63,3.2,1382.68,1341.12
789,595,19.833,refrigerator,72,165,0.8991,574.57,2.64,1386.86,1344.36
790,596,19.867,refrigerator,72,165,0.8994,574.17,4.09,1388.05,1341.25
791,597,19.9,refrigerator,72,165,0.9249,572.76,3.0,1388.42,1336.65
792,598,19.933,refrigerator,72,165,0.9163,571.39,4.13,1390.15,1336.9
793,599,19.967,refrigerator,72,165,0.8783,557.64,2.46,1381.63,1333.25
794,600,20.0,refrigerator,72,165,0.7499,542.44,3.27,1373.45,1331.72
795,601,20.033,refrigerator,72,165,0.481,508.87,2.9,1355.12,1335.22
796,602,20.067,refrigerator,72,165,0.3514,497.43,1.16,1365.28,1355.37
797,603,20.1,refrigerator,72,165,0.5485,483.16,1.33,1367.03,1367.35
798,604,20.133,refrigerator,72,165,0.3981,493.45,0.37,1379.58,1362.98
799,605,20.167,refrigerator,72,165,0.3599,471.58,0.02,1362.66,1356.25
800,606,20.2,refrigerator,72,165,0.8983,489.78,0.0,1369.84,1338.13
801,607,20.233,refrigerator,72,165,0.6596,308.0,0.0,1244.14,1350.43
802,608,20.267,refrigerator,72,165,0.6244,229.35,0.0,1224.06,1378.77
803,608,20.267,refrigerator,72,169,0.3895,478.88,0.0,1391.93,1377.3
804,609,20.3,refrigerator,72,165,0.5364,176.05,0.87,1211.04,1388.74
805,610,20.333,refrigerator,72,165,0.4147,156.84,0.37,1220.2,1382.74
806,611,20.367,refrigerator,72,165,0.4143,135.53,0.08,1229.64,1384.68
807,612,20.4,refrigerator,72,165,0.4389,114.25,0.0,1240.07,1392.58
808,613,20.433,refrigerator,72,165,0.6408,96.74,0.3,1253.22,1403.91
809,614,20.467,refrigerator,72,165,0.4301,92.62,1.26,1267.19,1402.57
810,615,20.5,refrigerator,72,165,0.5845,85.22,3.27,1281.37,1407.41
811,616,20.533,refrigerator,72,165,0.6964,77.82,4.77,1290.56,1408.0
812,617,20.567,refrigerator,72,165,0.7542,72.15,6.66,1299.68,1408.0
813,618,20.6,refrigerator,72,165,0.7565,70.83,2.44,1311.82,1403.77
814,618,20.6,bottle,39,170,0.7938,752.42,963.53,961.41,1297.57
815,619,20.633,refrigerator,72,165,0.7368,67.37,2.27,1320.04,1400.26
816,619,20.633,bottle,39,170,0.6911,765.35,968.08,981.27,1312.76
817,620,20.667,refrigerator,72,165,0.8186,70.97,1.79,1332.42,1393.09
818,620,20.667,bottle,39,170,0.5898,783.43,971.92,1007.7,1329.9
819,621,20.7,refrigerator,72,165,0.8063,68.63,1.56,1331.49,1378.82
820,621,20.7,bottle,39,170,0.4816,818.3,976.36,1009.72,1279.77
821,622,20.733,refrigerator,72,165,0.7894,73.29,0.5,1331.79,1358.16
822,622,20.733,bottle,39,170,0.6086,827.32,979.83,1021.03,1285.16
823,623,20.767,refrigerator,72,165,0.798,58.39,1.6,1339.17,1372.81
824,623,20.767,bottle,39,170,0.3789,842.75,981.6,1032.77,1278.67
825,624,20.8,refrigerator,72,165,0.8007,49.94,1.11,1337.29,1368.48
826,624,20.8,bottle,39,170,0.3846,855.67,982.04,1043.23,1272.53
827,624,20.8,bottle,39,174,0.403,819.08,849.58,1000.6,1236.14
828,625,20.833,refrigerator,72,165,0.8152,45.64,0.35,1336.33,1362.63
829,625,20.833,bottle,39,170,0.6864,857.66,982.12,1067.97,1304.49
830,625,20.833,bottle,39,175,0.5867,807.5,786.92,926.36,984.7
831,626,20.867,refrigerator,72,165,0.8335,40.5,0.06,1344.16,1366.76
832,626,20.867,bottle,39,170,0.7227,858.64,981.11,1084.67,1324.23
833,626,20.867,bottle,39,175,0.5177,787.9,779.82,914.69,991.36
834,626,20.867,bottle,39,176,0.5948,924.92,365.02,1095.36,701.37
835,626,20.867,bottle,39,174,0.4702,825.84,849.77,971.98,1158.28
836,627,20.9,refrigerator,72,165,0.8584,32.62,0.0,1365.17,1389.99
837,627,20.9,bottle,39,170,0.7434,868.74,981.44,1092.96,1316.01
838,627,20.9,bottle,39,175,0.4046,777.56,775.91,907.84,993.81
839,627,20.9,bottle,39,176,0.5718,919.71,359.71,1089.34,693.88
840,627,20.9,bottle,39,174,0.6155,828.71,850.32,966.15,1136.79
841,628,20.933,refrigerator,72,165,0.8724,29.08,0.0,1373.85,1395.98
842,628,20.933,bottle,39,170,0.6952,868.5,983.87,1085.86,1305.79
843,628,20.933,bottle,39,175,0.5409,761.89,777.54,899.81,1009.71
844,628,20.933,bottle,39,176,0.6057,912.66,356.7,1083.16,691.2
845,628,20.933,bottle,39,174,0.4995,826.28,852.28,968.54,1145.1
846,628,20.933,person,0,178,0.4029,391.54,1152.96,765.15,1408.0
847,629,20.967,refrigerator,72,165,0.8548,39.32,0.0,1365.76,1366.12
848,629,20.967,bottle,39,170,0.7051,872.7,985.51,1082.71,1291.56
849,629,20.967,bottle,39,175,0.4103,753.71,780.13,891.6,1014.43
850,629,20.967,bottle,39,176,0.6692,906.72,354.73,1080.04,692.62
851,629,20.967,bottle,39,174,0.5305,825.69,856.28,971.42,1152.28
852,630,21.0,refrigerator,72,165,0.8654,33.52,1.63,1361.94,1362.75
853,630,21.0,bottle,39,170,0.6783,881.57,987.46,1088.77,1285.82
854,630,21.0,bottle,39,175,0.4698,750.94,782.39,876.09,996.14
855,630,21.0,bottle,39,176,0.5291,903.69,354.29,1077.44,690.7
856,630,21.0,bottle,39,174,0.4135,827.35,860.48,972.71,1150.74
857,630,21.0,person,0,178,0.3828,342.59,1079.3,820.86,1407.82
858,631,21.033,refrigerator,72,165,0.8501,28.02,1.52,1374.53,1375.32
859,631,21.033,bottle,39,170,0.6907,884.22,990.33,1093.5,1288.23
860,631,21.033,bottle,39,175,0.5251,745.34,786.58,867.04,996.2
861,631,21.033,bottle,39,176,0.6719,899.64,356.65,1073.32,689.45
862,631,21.033,bottle,39,174,0.4383,828.37,865.41,969.15,1140.25
863,631,21.033,person,0,178,0.4369,324.08,1039.42,854.98,1407.92
864,632,21.067,refrigerator,72,165,0.8548,28.01,0.53,1381.69,1376.65
865,632,21.067,bottle,39,170,0.6842,885.24,994.16,1099.22,1295.09
866,632,21.067,bottle,39,175,0.5409,737.48,790.48,860.45,1004.63
867,632,21.067,bottle,39,176,0.6326,896.57,355.5,1073.96,692.39
868,632,21.067,bottle,39,174,0.4685,824.04,868.36,971.71,1152.39
869,632,21.067,person,0,178,0.3843,307.36,1003.03,883.48,1407.85
870,632,21.067,bottle,39,181,0.4248,823.54,283.43,1002.82,638.05
871,633,21.1,refrigerator,72,165,0.8574,33.58,0.16,1378.05,1359.69
872,633,21.1,bottle,39,170,0.7139,885.0,997.99,1105.33,1304.56
873,633,21.1,bottle,39,175,0.4184,722.02,793.36,860.11,1037.83
874,633,21.1,bottle,39,176,0.6836,894.84,355.57,1077.26,699.04
875,633,21.1,person,0,178,0.4337,292.13,969.08,908.81,1407.91
876,633,21.1,bottle,39,181,0.4746,819.33,284.33,1000.56,642.7
877,634,21.133,refrigerator,72,165,0.8547,33.9,0.02,1374.98,1348.45
878,634,21.133,bottle,39,170,0.7479,890.76,1002.97,1114.44,1310.58
879,634,21.133,bottle,39,175,0.3516,715.32,795.51,862.25,1061.53
880,634,21.133,bottle,39,176,0.6537,896.77,355.65,1081.82,700.74
881,634,21.133,person,0,178,0.4729,290.46,946.29,930.71,1407.8
882,634,21.133,bottle,39,181,0.6874,814.96,278.12,1003.98,652.09
883,634,21.133,bottle,39,184,0.3602,740.42,383.2,812.58,616.69
884,635,21.167,refrigerator,72,165,0.859,32.61,0.0,1375.28,1342.91
885,635,21.167,bottle,39,170,0.7391,892.98,1008.53,1122.1,1321.01
886,635,21.167,bottle,39,175,0.4969,727.97,799.65,848.04,1016.13
887,635,21.167,bottle,39,176,0.7006,900.65,356.2,1088.08,701.98
888,635,21.167,person,0,178,0.3907,304.17,932.24,954.9,1407.81
889,635,21.167,bottle,39,181,0.6593,814.84,273.07,1007.51,654.8
890,635,21.167,bottle,39,186,0.3681,661.52,754.8,797.44,1013.82
891,635,21.167,bottle,39,174,0.5776,803.16,883.09,976.92,1208.8
892,636,21.2,refrigerator,72,165,0.8517,14.79,0.76,1392.78,1377.83
893,636,21.2,bottle,39,170,0.7519,899.53,1016.75,1129.66,1327.23
894,636,21.2,bottle,39,175,0.405,737.76,805.41,847.16,1003.14
895,636,21.2,bottle,39,176,0.7974,907.22,357.46,1097.39,704.26
896,636,21.2,person,0,178,0.5889,318.48,928.56,966.17,1407.26
897,636,21.2,bottle,39,186,0.3817,656.95,758.8,803.06,1037.77
898,636,21.2,bottle,39,184,0.3832,735.84,387.4,806.91,617.04
899,637,21.233,refrigerator,72,165,0.8525,14.98,1.43,1400.8,1385.63
900,637,21.233,bottle,39,170,0.707,907.28,1022.57,1142.9,1337.37
901,637,21.233,bottle,39,175,0.4318,740.55,810.81,848.72,1007.19
902,637,21.233,bottle,39,176,0.8516,908.32,356.54,1111.41,724.98
903,637,21.233,person,0,178,0.5539,333.17,931.09,972.61,1407.62
904,637,21.233,bottle,39,189,0.4345,1173.58,539.25,1363.39,814.42
905,637,21.233,bottle,39,184,0.5393,736.09,387.54,809.6,625.3
906,637,21.233,bottle,39,181,0.735,819.58,271.43,1017.38,664.16
907,637,21.233,bottle,39,174,0.6327,809.29,894.75,989.37,1221.59
908,638,21.267,refrigerator,72,165,0.8591,6.72,2.05,1403.93,1396.96
909,638,21.267,bottle,39,170,0.6347,917.89,1028.7,1149.76,1335.1
910,638,21.267,bottle,39,176,0.7573,915.32,362.64,1118.49,727.6
911,638,21.267,person,0,178,0.6918,361.02,941.22,983.9,1407.85
912,638,21.267,bottle,39,184,0.4801,738.18,389.62,809.6,620.52
913,638,21.267,bottle,39,181,0.5155,821.27,276.46,1020.9,674.05
914,638,21.267,bottle,39,174,0.683,809.18,905.71,996.25,1235.99
915,639,21.3,refrigerator,72,165,0.843,5.28,2.31,1394.48,1387.97
916,639,21.3,bottle,39,170,0.6511,925.94,1035.0,1157.33,1337.19
917,639,21.3,bottle,39,176,0.8417,919.18,363.41,1130.88,742.05
918,639,21.3,person,0,178,0.5739,388.07,949.02,1000.08,1407.68
919,639,21.3,bottle,39,184,0.3916,728.44,394.33,801.35,625.28
920,639,21.3,bottle,39,181,0.5138,824.95,274.26,1024.0,672.34
921,639,21.3,bottle,39,174,0.4531,815.74,913.26,1010.89,1250.7
922,639,21.3,bottle,39,175,0.5054,743.09,823.44,859.18,1037.35
923,639,21.3,bottle,39,189,0.4356,1193.36,547.5,1385.05,825.88
924,640,21.333,refrigerator,72,165,0.8469,13.04,2.3,1391.58,1373.31
925,640,21.333,bottle,39,170,0.5918,936.03,1047.23,1168.18,1346.3
926,640,21.333,bottle,39,176,0.8008,925.14,367.6,1137.02,743.19
927,640,21.333,person,0,178,0.3995,412.48,963.04,1006.03,1407.51
928,640,21.333,bottle,39,184,0.5755,726.54,396.88,801.83,630.72
929,640,21.333,bottle,39,181,0.4202,828.46,279.23,1028.3,680.72
930,640,21.333,bottle,39,174,0.5383,826.79,920.79,1027.49,1264.82
931,640,21.333,bottle,39,175,0.593,743.14,830.62,865.47,1060.37
932,640,21.333,bottle,39,189,0.3697,1208.53,554.03,1403.81,838.51
933,640,21.333,bottle,39,186,0.3831,642.5,783.08,825.4,1137.58
934,641,21.367,refrigerator,72,165,0.8702,14.56,2.05,1391.96,1368.46
935,641,21.367,bottle,39,170,0.6996,948.52,1055.68,1179.07,1348.02
936,641,21.367,bottle,39,176,0.7692,937.43,376.1,1148.38,747.38
937,641,21.367,person,0,178,0.4258,433.4,977.27,1008.98,1407.38
938,641,21.367,bottle,39,184,0.6187,736.38,406.09,812.3,639.47
939,641,21.367,bottle,39,181,0.4963,835.64,289.42,1034.53,690.52
940,641,21.367,bottle,39,175,0.6539,748.25,836.76,875.98,1081.55
941,641,21.367,bottle,39,189,0.5671,1219.74,564.12,1408.0,849.72
942,642,21.4,refrigerator,72,165,0.8828,17.36,0.72,1395.55,1365.92
943,642,21.4,bottle,39,170,0.5525,967.36,1075.23,1189.03,1349.8
944,642,21.4,bottle,39,176,0.4262,955.69,396.18,1168.68,770.38
945,642,21.4,person,0,178,0.3785,489.04,996.14,1036.73,1407.77
946,642,21.4,bottle,39,175,0.3871,758.15,851.83,890.84,1110.94
947,643,21.433,refrigerator,72,165,0.8722,15.84,0.55,1393.11,1363.67
948,643,21.433,bottle,39,176,0.461,979.87,424.41,1190.36,791.15
949,643,21.433,person,0,178,0.4373,545.32,1021.83,1059.06,1407.93
950,644,21.467,refrigerator,72,165,0.877,7.04,0.16,1394.08,1372.39
951,644,21.467,bottle,39,176,0.7171,1002.44,454.21,1215.22,823.84
952,644,21.467,person,0,178,0.4423,603.35,1046.72,1082.68,1407.68
953,645,21.5,refrigerator,72,165,0.861,0.0,3.27,1395.34,1395.9
954,645,21.5,bottle,39,176,0.5865,1021.62,479.49,1228.87,834.62
955,645,21.5,bottle,39,174,0.5325,818.29,937.02,973.37,1213.12
956,646,21.533,refrigerator,72,165,0.8444,0.0,10.52,1392.46,1399.59
957,646,21.533,bottle,39,176,0.7009,1038.0,498.26,1241.49,842.86
958,646,21.533,bottle,39,191,0.4202,815.05,526.31,901.64,746.24
959,646,21.533,bottle,39,192,0.53,931.0,425.67,1102.27,815.93
960,646,21.533,bottle,39,174,0.6315,825.76,947.94,974.3,1222.18
961,646,21.533,bottle,39,175,0.4321,772.13,896.81,898.29,1145.76
962,647,21.567,refrigerator,72,165,0.8681,0.0,12.79,1396.66,1403.73
963,647,21.567,bottle,39,176,0.6344,1049.32,513.21,1250.76,850.44
964,647,21.567,bottle,39,174,0.508,839.54,960.37,979.02,1225.24
965,647,21.567,bottle,39,193,0.4895,724.82,0.59,856.34,201.67
966,647,21.567,bottle,39,194,0.3932,549.95,0.09,652.43,112.28
967,647,21.567,bottle,39,175,0.3692,781.22,911.25,905.17,1158.83
968,648,21.6,refrigerator,72,165,0.8703,4.31,16.4,1403.73,1406.2
969,648,21.6,bottle,39,176,0.683,1048.8,526.52,1259.96,876.99
970,648,21.6,bottle,39,174,0.7011,850.47,972.24,982.6,1228.9
971,648,21.6,bottle,39,193,0.4843,720.22,1.39,859.61,215.09
972,648,21.6,bottle,39,194,0.4689,545.42,1.12,658.7,125.76
973,649,21.633,refrigerator,72,165,0.8751,9.48,15.06,1399.58,1393.13
974,649,21.633,bottle,39,176,0.6494,1052.69,536.31,1264.31,884.27
975,649,21.633,bottle,39,174,0.5569,862.07,980.02,986.55,1225.63
976,649,21.633,bottle,39,193,0.6262,717.95,2.12,863.34,226.21
977,649,21.633,bottle,39,196,0.4318,977.69,960.82,1149.75,1339.94
978,650,21.667,refrigerator,72,165,0.8634,2.36,10.91,1406.15,1402.81
979,650,21.667,bottle,39,176,0.6826,1059.84,543.48,1267.39,881.57
980,650,21.667,bottle,39,193,0.4785,712.8,3.79,865.48,240.9
981,651,21.7,refrigerator,72,165,0.8476,6.2,8.15,1402.09,1390.31
982,651,21.7,bottle,39,176,0.6524,1062.83,551.63,1268.58,884.24
983,651,21.7,bottle,39,193,0.5666,709.78,2.72,867.74,250.72
984,652,21.733,refrigerator,72,165,0.8445,3.75,15.55,1401.27,1398.73
985,652,21.733,bottle,39,176,0.6567,1057.43,562.24,1270.15,905.31
986,652,21.733,bottle,39,193,0.4305,704.86,3.96,865.91,260.4
987,652,21.733,bottle,39,204,0.5364,556.81,58.52,644.73,185.12
988,653,21.767,refrigerator,72,165,0.819,29.0,66.56,1387.68,1405.31
989,653,21.767,bottle,39,176,0.7112,1053.91,566.51,1266.92,909.18
990,653,21.767,bottle,39,193,0.5744,701.82,8.53,864.42,271.84
991,653,21.767,bottle,39,204,0.4928,553.71,67.53,643.11,196.5
992,653,21.767,bottle,39,205,0.4081,636.79,100.89,717.4,221.73
993,654,21.8,refrigerator,72,165,0.829,36.9,97.85,1369.43,1404.01
994,654,21.8,bottle,39,176,0.6989,1049.58,572.05,1266.97,923.26
995,654,21.8,bottle,39,193,0.479,698.47,17.36,858.59,280.87
996,654,21.8,bottle,39,204,0.4861,551.57,80.44,640.03,208.47
997,654,21.8,bottle,39,205,0.4676,633.32,107.18,715.81,230.92
998,654,21.8,bottle,39,192,0.3817,943.78,499.0,1104.87,867.94
999,655,21.833,refrigerator,72,165,0.8282,41.33,133.99,1349.61,1407.2
1000,655,21.833,bottle,39,176,0.6793,1045.95,577.17,1260.12,924.42
1001,655,21.833,bottle,39,193,0.4766,696.36,22.84,854.62,287.85
1002,655,21.833,bottle,39,204,0.4055,549.31,91.45,637.56,219.5
1003,655,21.833,bottle,39,205,0.4116,631.48,118.36,712.78,240.4
1004,655,21.833,bottle,39,192,0.4104,938.9,504.85,1101.58,880.1
1005,656,21.867,refrigerator,72,165,0.8325,21.72,81.78,1375.5,1397.12
1006,656,21.867,bottle,39,176,0.686,1040.19,581.78,1254.55,931.68
1007,656,21.867,bottle,39,193,0.5542,694.44,32.61,849.03,296.04
1008,656,21.867,bottle,39,204,0.4008,545.51,100.63,633.92,229.1
1009,656,21.867,bottle,39,205,0.3554,628.92,126.89,709.99,248.82
1010,656,21.867,bottle,39,192,0.3905,933.27,511.4,1093.66,883.82
1011,656,21.867,bottle,39,208,0.5202,596.89,459.38,656.53,582.8
1012,657,21.9,refrigerator,72,165,0.7991,10.6,45.95,1396.11,1392.66
1013,657,21.9,bottle,39,176,0.7246,1030.11,587.74,1249.28,948.44
1014,657,21.9,bottle,39,193,0.4755,692.63,40.59,843.69,302.16
1015,657,21.9,bottle,39,204,0.4963,545.42,109.73,633.69,239.01
1016,657,21.9,bottle,39,205,0.4171,627.1,135.95,707.03,256.31
1017,657,21.9,bottle,39,192,0.5634,927.66,518.99,1088.63,896.51
1018,657,21.9,bottle,39,208,0.4585,593.45,464.67,653.44,588.53
1019,658,21.933,refrigerator,72,165,0.8189,0.6,20.33,1405.33,1386.72
1020,658,21.933,bottle,39,176,0.7215,1023.0,591.89,1242.87,956.85
1021,658,21.933,bottle,39,193,0.4897,689.66,47.2,839.3,310.76
1022,658,21.933,bottle,39,204,0.5026,544.0,119.38,631.36,247.98
1023,658,21.933,bottle,39,205,0.4307,624.29,143.66,705.54,266.35
1024,658,21.933,bottle,39,192,0.4056,922.25,528.83,1079.92,901.02
1025,659,21.967,refrigerator,72,165,0.7588,0.0,5.99,1408.0,1392.26
1026,659,21.967,bottle,39,176,0.7631,1015.65,599.84,1232.71,962.3
1027,659,21.967,bottle,39,193,0.5836,688.32,54.09,836.34,319.55
1028,659,21.967,bottle,39,204,0.5846,546.42,129.82,631.75,256.86
1029,659,21.967,bottle,39,205,0.4922,623.73,155.91,703.27,276.25
1030,659,21.967,bottle,39,213,0.3852,810.15,631.26,891.03,836.34
1031,660,22.0,refrigerator,72,165,0.776,0.0,13.66,1408.0,1402.51
1032,660,22.0,bottle,39,176,0.8168,1009.63,604.68,1224.92,967.11
1033,660,22.0,bottle,39,193,0.6036,689.06,63.18,833.39,326.4
1034,660,22.0,bottle,39,204,0.5195,546.65,137.53,632.83,267.22
1035,660,22.0,bottle,39,205,0.5263,623.44,162.74,704.48,285.94
1036,660,22.0,bottle,39,174,0.41,888.39,1035.67,1003.08,1271.94
1037,661,22.033,refrigerator,72,165,0.7603,0.0,3.69,1408.0,1398.1
1038,661,22.033,bottle,39,176,0.7755,1005.47,609.16,1214.71,963.41
1039,661,22.033,bottle,39,193,0.5299,689.43,71.66,831.11,334.14
1040,661,22.033,bottle,39,204,0.5522,550.25,147.59,634.91,275.91
1041,661,22.033,bottle,39,205,0.4457,626.33,172.21,706.14,294.02
1042,661,22.033,bottle,39,174,0.43,893.6,1038.91,1002.22,1269.68
1043,661,22.033,bottle,39,213,0.4508,819.45,641.24,900.71,848.91
1044,662,22.067,refrigerator,72,165,0.7885,0.0,28.27,1408.0,1404.73
1045,662,22.067,bottle,39,176,0.757,1000.73,614.54,1209.29,970.79
1046,662,22.067,bottle,39,193,0.411,691.95,82.82,831.61,345.14
1047,662,22.067,bottle,39,204,0.561,555.14,159.0,638.22,286.05
1048,662,22.067,bottle,39,205,0.5827,629.58,182.74,708.99,304.48
1049,662,22.067,bottle,39,174,0.4345,897.43,1040.92,1004.11,1273.38
1050,662,22.067,bottle,39,213,0.4982,821.92,647.53,902.5,855.6
1051,662,22.067,bottle,39,192,0.3786,909.03,546.76,1061.42,909.03
1052,663,22.1,refrigerator,72,165,0.7755,0.0,27.35,1408.0,1407.24
1053,663,22.1,bottle,39,176,0.711,1005.72,619.98,1203.35,957.99
1054,663,22.1,bottle,39,193,0.5337,697.8,92.38,835.56,354.72
1055,663,22.1,bottle,39,204,0.5172,563.01,169.38,643.73,293.77
1056,663,22.1,bottle,39,174,0.4276,902.55,1044.33,1009.31,1283.05
1057,663,22.1,bottle,39,213,0.3852,826.16,653.85,904.97,860.0
1058,664,22.133,refrigerator,72,165,0.7975,6.5,44.3,1403.58,1408.0
1059,664,22.133,bottle,39,176,0.7661,1006.08,625.53,1203.93,965.8
1060,664,22.133,bottle,39,193,0.4892,707.17,106.82,840.6,363.98
1061,664,22.133,bottle,39,204,0.4677,573.56,183.02,652.12,304.91
1062,664,22.133,bottle,39,174,0.4978,910.92,1048.98,1015.84,1288.81
1063,664,22.133,bottle,39,205,0.4227,642.62,196.0,726.32,325.64
1064,665,22.167,refrigerator,72,165,0.7826,12.4,45.8,1407.85,1408.0
1065,665,22.167,bottle,39,176,0.7449,1010.36,631.16,1205.64,968.33
1066,665,22.167,bottle,39,193,0.354,714.61,118.7,847.06,375.19
1067,665,22.167,bottle,39,204,0.5468,586.73,195.67,662.95,314.73
1068,665,22.167,bottle,39,174,0.3802,922.73,1052.68,1025.46,1290.49
1069,665,22.167,bottle,39,205,0.3614,657.11,214.85,734.28,334.95
1070,666,22.2,refrigerator,72,165,0.8048,2.8,17.25,1408.0,1408.0
1071,666,22.2,bottle,39,176,0.7082,1014.52,634.47,1208.77,971.52
1072,666,22.2,bottle,39,193,0.5298,724.04,126.65,854.76,381.4
1073,666,22.2,bottle,39,204,0.5941,599.97,204.51,674.7,322.11
1074,666,22.2,bottle,39,174,0.4314,934.79,1053.22,1034.55,1287.62
1075,666,22.2,bottle,39,205,0.3616,668.16,221.98,745.1,342.52
1076,667,22.233,refrigerator,72,165,0.7523,7.12,10.65,1408.0,1408.0
1077,667,22.233,bottle,39,176,0.7367,1020.57,633.31,1208.01,958.85
1078,667,22.233,bottle,39,193,0.3732,732.46,128.81,860.26,378.75
1079,667,22.233,bottle,39,204,0.5841,613.93,207.86,686.73,323.6
1080,667,22.233,bottle,39,174,0.482,944.43,1050.9,1041.73,1282.48
1081,668,22.267,refrigerator,72,165,0.6773,16.02,4.55,1408.0,1402.49
1082,668,22.267,bottle,39,176,0.7235,1021.98,629.91,1208.36,954.71
1083,668,22.267,bottle,39,193,0.5425,743.52,128.45,869.74,376.23
1084,668,22.267,bottle,39,204,0.5522,627.31,206.19,698.54,320.72
1085,668,22.267,bottle,39,174,0.4452,951.48,1045.39,1048.06,1277.06
1086,669,22.3,refrigerator,72,165,0.7562,13.65,0.55,1408.0,1404.43
1087,669,22.3,bottle,39,176,0.7464,1019.47,625.59,1206.18,952.5
1088,669,22.3,bottle,39,193,0.5878,754.24,124.45,880.48,372.97
1089,669,22.3,bottle,39,204,0.5222,638.71,200.82,709.86,316.43
1090,670,22.333,refrigerator,72,165,0.6929,0.54,0.0,1384.47,1373.18
1091,670,22.333,bottle,39,176,0.7325,1015.99,620.55,1200.57,944.83
1092,670,22.333,bottle,39,193,0.519,766.62,127.69,888.24,367.82
1093,670,22.333,bottle,39,204,0.54,650.48,194.12,720.25,309.2
1094,671,22.367,refrigerator,72,165,0.6765,0.31,0.0,1373.78,1361.66
1095,671,22.367,bottle,39,176,0.682,1010.11,617.8,1195.1,944.97
1096,671,22.367,bottle,39,193,0.4874,773.41,122.57,896.05,365.07
1097,671,22.367,bottle,39,204,0.4972,662.49,188.78,731.82,305.01
1098,672,22.4,refrigerator,72,165,0.6545,72.97,0.0,1408.0,1391.07
1099,672,22.4,bottle,39,176,0.7378,1004.61,618.09,1187.45,943.61
1100,672,22.4,bottle,39,193,0.4284,787.14,136.62,902.65,363.89
1101,672,22.4,bottle,39,204,0.5354,674.45,189.66,741.54,303.6
1102,672,22.4,bottle,39,174,0.4199,960.85,1017.41,1054.44,1243.39
1103,673,22.433,refrigerator,72,165,0.668,34.72,0.0,1399.71,1371.95
1104,673,22.433,bottle,39,176,0.7622,995.87,620.72,1176.38,944.5
1105,673,22.433,bottle,39,193,0.6578,793.25,126.1,914.67,365.69
1106,673,22.433,bottle,39,204,0.5431,687.67,189.99,753.45,303.67
1107,673,22.433,bottle,39,174,0.4484,961.07,1014.54,1054.88,1242.34
1108,674,22.467,refrigerator,72,165,0.699,93.74,63.57,1407.59,1385.91
1109,674,22.467,bottle,39,176,0.6089,986.6,622.68,1162.95,940.7
1110,674,22.467,bottle,39,193,0.356,803.34,125.4,924.87,365.99
1111,674,22.467,bottle,39,204,0.4654,699.12,189.75,764.02,303.95
1112,674,22.467,bottle,39,174,0.491,959.77,1010.82,1053.84,1240.83
1113,675,22.5,refrigerator,72,165,0.7526,125.9,110.68,1407.73,1400.57
1114,675,22.5,bottle,39,176,0.5097,971.25,624.42,1142.79,938.24
1115,675,22.5,bottle,39,193,0.3952,817.29,144.53,929.33,365.59
1116,675,22.5,bottle,39,204,0.5243,709.58,189.36,772.66,302.0
1117,676,22.533,refrigerator,72,165,0.7382,113.11,120.37,1393.97,1405.96
1118,676,22.533,bottle,39,176,0.6022,959.5,622.36,1119.66,917.0
1119,676,22.533,bottle,39,193,0.4473,813.66,122.91,934.84,363.59
1120,676,22.533,bottle,39,204,0.5233,715.96,183.35,778.29,296.85
1121,676,22.533,bottle,39,174,0.6207,942.35,966.47,1054.05,1248.03
1122,677,22.567,refrigerator,72,165,0.7587,146.85,43.35,1408.0,1407.89
1123,677,22.567,bottle,39,193,0.4384,817.11,113.19,938.71,355.99
1124,677,22.567,bottle,39,204,0.4927,721.75,176.71,782.34,289.23
1125,678,22.6,refrigerator,72,165,0.7024,146.97,15.47,1408.0,1408.0
1126,678,22.6,bottle,39,193,0.3857,815.75,100.33,936.09,342.49
1127,678,22.6,bottle,39,204,0.4205,723.35,166.74,783.9,281.88
1128,678,22.6,bottle,39,220,0.4665,769.75,168.85,839.24,301.36
1129,679,22.633,refrigerator,72,165,0.7599,159.48,4.2,1408.0,1408.0
1130,679,22.633,bottle,39,221,0.5629,914.6,1162.45,1083.43,1377.69
1131,680,22.667,refrigerator,72,165,0.6286,146.18,1.99,1408.0,1408.0
1132,681,22.7,refrigerator,72,165,0.7948,118.91,0.0,1408.0,1406.21
1133,682,22.733,refrigerator,72,165,0.7485,161.02,0.29,1408.0,1407.7
1134,683,22.767,refrigerator,72,165,0.4272,122.66,1.77,1408.0,1397.77
1135,684,22.8,refrigerator,72,165,0.4333,96.36,3.33,1372.88,1390.37
1136,685,22.833,refrigerator,72,165,0.5371,66.93,3.98,1316.02,1395.8
1137,686,22.867,refrigerator,72,165,0.5048,32.43,3.75,1242.78,1395.5
1138,688,22.933,refrigerator,72,165,0.4532,0.0,4.77,1118.06,1404.95
1139,689,22.967,refrigerator,72,165,0.8348,0.0,1.35,1081.96,1397.71
1140,690,23.0,refrigerator,72,165,0.7617,0.0,2.96,1037.92,1397.92
1141,691,23.033,refrigerator,72,165,0.8356,0.0,2.98,984.8,1394.24
1142,692,23.067,refrigerator,72,165,0.8404,0.0,8.15,961.74,1400.05
1143,693,23.1,refrigerator,72,165,0.8451,0.0,2.97,931.54,1405.24
1144,694,23.133,refrigerator,72,165,0.9025,0.0,3.17,907.72,1407.19
1145,695,23.167,refrigerator,72,165,0.8868,0.0,6.67,892.26,1407.92
1146,696,23.2,refrigerator,72,165,0.9222,0.0,31.81,872.55,1408.0
1147,697,23.233,refrigerator,72,165,0.9211,0.0,56.02,846.18,1408.0
1148,698,23.267,refrigerator,72,165,0.9206,0.0,59.41,832.03,1408.0
1149,698,23.267,laptop,63,228,0.4758,1068.87,687.29,1243.75,791.97
1150,699,23.3,refrigerator,72,165,0.9146,0.0,63.08,812.13,1408.0
1151,699,23.3,laptop,63,228,0.3548,1067.09,689.58,1243.79,795.4
1152,700,23.333,refrigerator,72,165,0.9365,0.0,59.55,798.81,1408.0
1153,701,23.367,refrigerator,72,165,0.939,0.0,63.53,777.88,1403.7
1154,702,23.4,refrigerator,72,165,0.9294,0.0,63.19,754.3,1396.44
1155,702,23.4,cup,41,230,0.4203,642.64,914.25,728.52,1004.77
1156,703,23.433,refrigerator,72,165,0.9367,0.0,58.36,732.57,1394.35
1157,703,23.433,cup,41,230,0.5528,634.01,911.82,721.8,1004.42
1158,704,23.467,refrigerator,72,165,0.925,0.0,43.57,723.54,1391.4
1159,704,23.467,cup,41,230,0.5485,623.22,908.83,713.49,1004.15
1160,705,23.5,refrigerator,72,165,0.9287,0.0,40.38,704.41,1395.92
1161,705,23.5,cup,41,230,0.5227,615.6,908.28,706.29,1004.12
1162,706,23.533,refrigerator,72,165,0.6788,0.0,34.86,689.72,1403.66
1163,706,23.533,cup,41,230,0.448,609.66,907.07,700.67,1003.3
1164,707,23.567,refrigerator,72,165,0.863,0.0,27.73,677.23,1400.55
1165,707,23.567,cup,41,230,0.3915,596.63,903.52,689.67,1003.38
1166,708,23.6,refrigerator,72,165,0.5687,0.0,49.18,662.71,1401.54
1167,708,23.6,cup,41,230,0.6248,598.47,902.78,690.73,1001.64
1168,708,23.6,oven,69,231,0.4517,648.94,712.03,999.84,929.29
1169,709,23.633,refrigerator,72,165,0.5363,0.0,33.2,647.19,1405.83
1170,709,23.633,cup,41,230,0.6711,597.43,902.23,690.04,1001.41
1171,709,23.633,oven,69,231,0.4387,656.44,713.86,1007.46,931.28
1172,710,23.667,cup,41,230,0.5564,593.71,903.21,687.49,1003.38
1173,710,23.667,oven,69,231,0.4516,655.65,712.37,1016.16,935.91
1174,711,23.7,cup,41,230,0.7218,588.55,904.82,683.38,1005.93
1175,711,23.7,oven,69,231,0.427,659.78,713.61,1025.87,940.86
1176,712,23.733,cup,41,230,0.4747,582.23,905.34,679.84,1009.47
1177,712,23.733,oven,69,231,0.4504,656.25,709.76,1034.26,944.91
1178,713,23.767,cup,41,230,0.4814,569.33,907.36,667.23,1013.86
1179,713,23.767,oven,69,231,0.3597,658.84,709.84,1043.91,950.04
1180,714,23.8,cup,41,230,0.6217,569.58,909.87,671.92,1021.13
1181,714,23.8,oven,69,231,0.5537,657.46,713.11,1049.29,958.05
1182,715,23.833,cup,41,230,0.6888,568.28,914.01,672.82,1027.35
1183,715,23.833,oven,69,231,0.5648,659.93,708.21,1069.7,965.87
1184,716,23.867,cup,41,230,0.67,566.78,918.71,673.06,1033.67
1185,716,23.867,oven,69,231,0.591,662.26,708.78,1083.06,975.17
1186,717,23.9,cup,41,230,0.7285,563.41,925.01,671.82,1042.0
1187,717,23.9,oven,69,231,0.5531,665.18,710.52,1094.67,984.33
1188,718,23.933,cup,41,230,0.3704,556.86,933.9,670.5,1056.64
1189,718,23.933,oven,69,231,0.6362,670.92,719.17,1099.96,994.19
1190,719,23.967,cup,41,230,0.7452,549.37,946.38,667.87,1074.45
1191,719,23.967,oven,69,231,0.444,673.36,728.06,1112.51,1011.54
1192,720,24.0,oven,69,231,0.5387,666.75,730.42,1127.7,1031.01
1193,721,24.033,oven,69,231,0.4489,663.52,735.32,1147.1,1054.23
1194,722,24.067,dining table,60,235,0.411,285.59,759.47,1106.59,1406.02
1195,722,24.067,cup,41,230,0.6452,526.56,1001.63,658.83,1144.88
1196,723,24.1,cup,41,230,0.5724,510.01,1021.71,640.42,1167.01
1197,723,24.1,oven,69,231,0.3839,663.74,751.65,1177.24,1095.03
1198,724,24.133,cup,41,230,0.5389,498.11,1037.9,628.37,1186.38
1199,724,24.133,oven,69,231,0.3769,655.74,749.38,1197.17,1118.21
1200,725,24.167,cup,41,230,0.769,499.17,1052.38,632.54,1202.56
1201,725,24.167,oven,69,231,0.401,651.62,749.03,1212.51,1138.61
1202,726,24.2,cup,41,230,0.7308,492.85,1065.7,629.57,1217.73
1203,726,24.2,oven,69,231,0.4155,652.22,750.6,1226.79,1157.09
1204,727,24.233,cup,41,230,0.6326,485.94,1077.29,625.34,1231.04
1205,727,24.233,oven,69,231,0.3952,659.04,754.52,1236.71,1169.38
1206,728,24.267,cup,41,230,0.5616,475.53,1088.58,618.22,1245.51
1207,729,24.3,cup,41,230,0.5942,457.42,1101.61,600.68,1262.1
1208,730,24.333,cup,41,230,0.5587,445.83,1115.47,583.41,1271.91
1209,730,24.333,oven,69,231,0.3723,658.54,755.99,1284.54,1214.57
1210,731,24.367,cup,41,230,0.5224,435.86,1126.78,569.42,1280.19
1211,732,24.4,oven,69,231,0.3893,591.53,719.43,1408.0,1365.24
1212,733,24.433,oven,69,231,0.6007,582.46,690.27,1408.0,1396.62
1213,733,24.433,cup,41,230,0.4033,419.32,1145.76,538.53,1282.42
1214,735,24.5,oven,69,231,0.365,563.63,619.89,1408.0,1390.67
1215,736,24.533,cup,41,230,0.4828,386.01,1146.45,499.01,1274.86
1216,737,24.567,cup,41,230,0.4246,373.19,1139.79,488.55,1270.41
1217,737,24.567,oven,69,231,0.3635,566.57,587.43,1408.0,1391.62
1218,739,24.633,oven,69,231,0.3846,598.78,596.52,1408.0,1389.62
1219,741,24.7,cup,41,230,0.44,339.13,1121.52,477.84,1278.3
1220,742,24.733,cup,41,242,0.4424,618.12,873.66,727.54,1004.02
1221,742,24.733,cup,41,230,0.4105,334.51,1112.77,476.77,1273.17
1222,742,24.733,oven,69,231,0.47,619.64,580.55,1408.0,1397.48
1223,743,24.767,cup,41,242,0.5015,619.58,875.32,727.5,1003.78
1224,743,24.767,cup,41,230,0.4083,332.12,1102.58,477.45,1265.72
1225,744,24.8,cup,41,242,0.5144,619.06,877.08,729.73,1008.75
1226,744,24.8,cup,41,230,0.5519,331.46,1093.85,476.99,1256.47
1227,744,24.8,oven,69,231,0.3625,635.72,568.52,1408.0,1401.87
1228,745,24.833,cup,41,242,0.4991,620.71,881.77,732.6,1014.78
1229,746,24.867,cup,41,242,0.4122,621.97,887.11,736.33,1023.0
1230,746,24.867,cup,41,230,0.3541,335.9,1080.7,479.79,1240.85
1231,747,24.9,cup,41,242,0.3678,623.12,891.78,741.48,1032.59
1232,752,25.067,cup,41,242,0.3599,619.54,935.69,748.84,1089.73
1233,769,25.633,person,0,250,0.395,371.8,1090.72,1070.46,1407.98
1234,770,25.667,cup,41,252,0.355,435.08,1039.19,586.78,1201.2
1235,770,25.667,tv,62,253,0.3749,32.25,2.5,1039.44,670.67
1236,771,25.7,cup,41,252,0.4363,438.57,1037.71,591.05,1200.54
1237,771,25.7,tv,62,253,0.5354,38.93,0.76,1049.23,670.65
1238,771,25.7,person,0,250,0.3975,454.98,1128.52,1072.59,1408.0
1239,772,25.733,cup,41,252,0.3553,443.79,1039.08,595.53,1201.12
1240,772,25.733,tv,62,253,0.4773,48.65,0.1,1059.17,669.29
1241,773,25.767,cup,41,252,0.3649,450.16,1041.05,600.95,1201.87
1242,773,25.767,tv,62,253,0.5296,55.82,0.0,1069.26,669.79
1243,774,25.8,tv,62,253,0.3525,66.47,0.04,1079.37,668.0
1244,775,25.833,tv,62,253,0.3819,77.4,0.0,1094.48,668.97
1245,776,25.867,tv,62,253,0.3837,78.95,0.49,1098.21,668.06
1246,777,25.9,tv,62,253,0.3927,83.91,1.74,1102.73,665.21
1247,779,25.967,person,0,250,0.5848,361.71,1146.45,971.23,1408.0
1248,779,25.967,tv,62,253,0.4197,91.98,1.92,1121.56,667.68
1249,780,26.0,tv,62,253,0.3854,85.05,2.07,1133.06,675.06
1250,781,26.033,cup,41,252,0.4791,499.89,1046.26,646.3,1200.96
1251,781,26.033,person,0,250,0.5686,351.36,1134.87,1013.91,1408.0
1252,782,26.067,cup,41,257,0.4471,746.99,958.88,924.66,1176.51
1253,782,26.067,cup,41,252,0.3665,501.81,1044.19,649.96,1199.66
1254,782,26.067,person,0,250,0.4023,330.12,1132.18,1024.7,1408.0
1255,782,26.067,tv,62,253,0.4347,84.25,2.77,1147.65,681.58
1256,783,26.1,cup,41,257,0.4741,743.68,957.04,928.08,1183.12
1257,783,26.1,cup,41,252,0.3587,502.55,1044.26,651.4,1199.23
1258,783,26.1,person,0,250,0.4099,245.09,1129.44,993.15,1408.0
1259,784,26.133,cup,41,252,0.4274,501.09,1043.84,651.87,1199.9
1260,784,26.133,person,0,250,0.4354,208.42,1131.62,989.2,1408.0
1261,785,26.167,cup,41,252,0.3994,499.95,1044.34,650.89,1199.45
1262,785,26.167,person,0,250,0.3866,144.04,1113.35,1001.11,1408.0
1263,786,26.2,cup,41,252,0.4133,497.41,1044.03,648.71,1198.32
1264,786,26.2,tv,62,253,0.4259,91.15,3.0,1126.71,653.53
1265,787,26.233,cup,41,252,0.4472,494.24,1042.92,647.43,1198.14
1266,788,26.267,cup,41,252,0.3719,490.67,1043.17,644.44,1198.03
1267,789,26.3,cup,41,252,0.416,484.77,1042.4,640.0,1198.45
1268,789,26.3,cup,41,257,0.3808,749.84,949.58,895.12,1124.68
1269,790,26.333,cup,41,252,0.3626,480.72,1042.86,635.41,1197.85
1270,790,26.333,cup,41,257,0.4167,744.66,948.34,891.37,1122.16
1271,790,26.333,person,0,250,0.5125,0.0,1052.68,1012.86,1407.9
1272,791,26.367,cup,41,257,0.488,737.5,946.04,895.54,1132.22
1273,791,26.367,person,0,250,0.3764,149.66,1059.04,1116.27,1407.77
1274,792,26.4,cup,41,257,0.3594,728.32,942.76,899.82,1145.04
1275,792,26.4,tv,62,253,0.3684,79.57,0.65,1115.62,638.19
1276,793,26.433,cup,41,257,0.4426,719.61,941.37,903.27,1159.36
1277,793,26.433,person,0,250,0.3541,305.65,1096.95,1167.44,1407.24
1278,795,26.5,cup,41,252,0.3713,467.6,1034.9,623.43,1189.9
1279,795,26.5,cup,41,257,0.5412,713.41,938.95,902.28,1164.78
1280,795,26.5,person,0,250,0.5508,377.86,1123.09,1172.72,1407.29
1281,796,26.533,cup,41,257,0.3976,713.61,937.89,898.09,1158.93
1282,796,26.533,person,0,250,0.3563,385.51,1124.76,1179.41,1407.73
1283,797,26.567,person,0,250,0.403,358.22,1114.65,1169.51,1407.82
1284,798,26.6,cup,41,252,0.3639,462.02,1033.04,618.01,1187.13
1285,799,26.633,cup,41,252,0.3845,457.94,1032.54,614.64,1186.3
1286,800,26.667,cup,41,257,0.4757,712.16,936.31,880.87,1136.07
1287,801,26.7,person,0,250,0.4686,344.29,1076.21,1244.67,1408.0
1288,801,26.7,cup,41,252,0.4577,451.05,1030.97,610.0,1186.09
1289,804,26.8,cup,41,252,0.4514,441.31,1027.96,602.39,1184.44
1290,805,26.833,cup,41,252,0.6033,438.4,1027.67,599.61,1183.26
1291,805,26.833,tv,62,253,0.418,65.61,0.53,1118.57,626.32
1292,805,26.833,cup,41,257,0.42,725.4,929.46,869.14,1097.14
1293,806,26.867,cup,41,252,0.5782,435.18,1025.82,597.61,1181.94
1294,806,26.867,tv,62,253,0.4546,54.5,0.18,1129.08,624.5
1295,806,26.867,cup,41,257,0.406,706.15,927.34,863.91,1107.83
1296,806,26.867,person,0,250,0.4517,189.25,816.94,1408.0,1406.64
1297,807,26.9,cup,41,252,0.6372,432.1,1022.62,596.96,1180.69
1298,807,26.9,tv,62,253,0.5815,47.11,0.17,1134.2,621.25
1299,807,26.9,cup,41,257,0.5597,693.95,924.59,867.94,1124.04
1300,808,26.933,cup,41,252,0.4928,432.17,1024.3,595.61,1180.14
1301,808,26.933,cup,41,257,0.5523,682.64,922.72,874.85,1146.26
1302,809,26.967,cup,41,252,0.54,432.9,1025.44,595.99,1179.98
1303,809,26.967,cup,41,257,0.6796,679.3,919.9,877.35,1153.4
1304,810,27.0,cup,41,252,0.5515,432.74,1023.47,598.52,1180.05
1305,810,27.0,cup,41,257,0.5737,678.36,916.29,878.39,1155.31
1306,811,27.033,cup,41,252,0.5619,432.71,1021.88,599.14,1178.6
1307,811,27.033,cup,41,257,0.6858,679.05,914.05,878.21,1154.74
1308,812,27.067,cup,41,252,0.4908,433.19,1021.74,600.01,1178.52
1309,812,27.067,cup,41,257,0.6634,680.73,912.85,878.63,1154.45
1310,812,27.067,tv,62,253,0.3703,45.1,0.0,1124.49,606.2
1311,813,27.1,cup,41,252,0.4515,434.11,1021.2,601.69,1178.22
1312,813,27.1,cup,41,257,0.6741,683.35,912.46,879.22,1153.55
1313,814,27.133,cup,41,252,0.5377,433.44,1017.18,604.35,1177.58
1314,814,27.133,cup,41,257,0.7395,686.0,912.47,880.69,1153.72
1315,815,27.167,cup,41,252,0.5271,435.92,1017.18,606.19,1176.87
1316,815,27.167,cup,41,257,0.7632,688.71,912.52,881.19,1152.36
1317,816,27.2,cup,41,252,0.4512,438.74,1015.21,609.86,1175.65
1318,816,27.2,cup,41,257,0.7646,691.49,912.21,883.75,1152.94
1319,816,27.2,tv,62,253,0.405,47.38,0.0,1144.83,605.94
1320,817,27.233,cup,41,252,0.4951,440.85,1012.16,612.62,1173.6
1321,817,27.233,cup,41,257,0.7373,695.84,912.22,886.26,1151.29
1322,817,27.233,tv,62,253,0.3542,43.42,0.27,1156.74,607.86
1323,818,27.267,cup,41,252,0.4016,446.27,1014.58,614.54,1172.4
1324,818,27.267,cup,41,257,0.6478,699.91,912.13,890.41,1151.31
1325,818,27.267,tv,62,253,0.3879,44.09,0.29,1168.46,607.48
1326,819,27.3,cup,41,252,0.4309,450.17,1013.53,618.09,1170.8
1327,819,27.3,cup,41,257,0.7066,703.96,912.19,894.27,1151.44
1328,820,27.333,cup,41,252,0.4111,454.69,1015.19,620.29,1169.58
1329,820,27.333,cup,41,257,0.6959,708.0,912.16,898.16,1151.26
1330,821,27.367,cup,41,252,0.3619,458.41,1014.51,622.7,1167.26
1331,821,27.367,cup,41,257,0.6954,710.16,912.3,900.17,1151.02
1332,822,27.4,cup,41,257,0.7583,712.07,912.4,901.96,1150.77
1333,823,27.433,cup,41,257,0.6821,713.3,912.58,903.53,1151.17
1334,824,27.467,cup,41,257,0.5451,714.55,913.02,904.99,1151.65
1335,825,27.5,cup,41,257,0.4939,714.59,913.5,905.85,1153.21
1336,826,27.533,cup,41,257,0.5258,714.71,914.29,905.96,1153.71
1337,827,27.567,cup,41,257,0.4468,714.91,915.38,906.77,1155.27
1338,827,27.567,tv,62,253,0.4367,57.31,0.76,1223.65,622.46
1339,828,27.6,cup,41,257,0.4985,715.16,917.23,906.96,1156.5
1340,829,27.633,cup,41,257,0.4683,714.46,918.57,906.14,1157.25
1341,829,27.633,tv,62,253,0.4057,56.29,0.89,1236.25,624.09
1342,830,27.667,cup,41,257,0.4003,714.8,919.1,906.39,1157.26
1343,831,27.7,cup,41,257,0.4844,714.47,919.6,906.26,1157.48
1344,832,27.733,cup,41,257,0.5385,714.02,920.25,905.58,1157.34
1345,832,27.733,tv,62,253,0.4537,52.6,0.82,1239.96,622.8
1346,833,27.767,cup,41,257,0.5412,714.54,920.66,906.28,1157.3
1347,833,27.767,tv,62,253,0.4322,43.38,1.72,1241.68,624.56
1348,834,27.8,cup,41,257,0.5295,713.93,921.07,905.76,1157.11
1349,834,27.8,tv,62,253,0.4346,43.94,1.24,1247.31,623.89
1350,835,27.833,cup,41,257,0.4554,712.79,921.26,905.29,1157.62
1351,835,27.833,tv,62,253,0.4074,37.79,0.96,1250.55,626.11
1352,836,27.867,cup,41,257,0.3941,711.6,921.42,904.62,1158.11
1353,836,27.867,tv,62,253,0.3581,32.88,0.85,1255.77,629.3
1354,837,27.9,tv,62,253,0.4337,36.57,0.35,1257.27,626.76
1355,838,27.933,tv,62,253,0.4177,31.74,0.66,1256.24,627.44
1356,838,27.933,cup,41,257,0.4919,709.95,921.66,903.47,1158.03
1357,839,27.967,cup,41,257,0.3813,709.11,922.43,902.57,1157.87
1358,840,28.0,cup,41,257,0.5589,708.69,922.55,903.26,1158.81
1359,840,28.0,tv,62,253,0.43,34.44,0.38,1257.82,625.61
1360,841,28.033,cup,41,257,0.5775,707.86,923.57,902.46,1158.77
1361,842,28.067,cup,41,257,0.5688,705.57,923.7,900.45,1158.93
1362,843,28.1,cup,41,257,0.6404,704.98,923.28,900.57,1158.75
1363,844,28.133,cup,41,257,0.672,703.6,923.5,899.76,1158.82
1364,844,28.133,tv,62,253,0.4018,22.97,1.24,1254.02,628.75
1365,845,28.167,cup,41,257,0.4772,703.3,923.48,900.47,1159.39
1366,846,28.2,cup,41,257,0.5911,702.59,923.49,900.06,1159.45
1367,847,28.233,cup,41,257,0.4316,701.84,923.62,898.63,1158.75
1368,848,28.267,cup,41,257,0.4896,701.64,923.65,898.62,1158.71
1369,850,28.333,cup,41,257,0.4754,700.55,923.49,897.59,1158.62
1370,851,28.367,tv,62,253,0.3834,14.7,1.25,1249.08,628.97
1371,852,28.4,tv,62,253,0.3598,12.77,1.36,1245.97,627.22
1372,852,28.4,cup,41,257,0.4323,699.35,923.66,895.81,1158.32
1373,853,28.433,tv,62,253,0.3623,8.98,1.09,1247.19,629.51
1374,853,28.433,cup,41,257,0.6049,697.59,923.72,893.83,1158.53
1375,854,28.467,tv,62,253,0.5425,9.73,0.49,1246.92,627.74
1376,854,28.467,cup,41,257,0.3533,696.02,924.35,891.9,1158.76
1377,855,28.5,cup,41,257,0.3684,693.86,924.48,890.53,1160.3
1378,856,28.533,cup,41,257,0.5568,694.25,924.11,890.6,1159.78
1379,857,28.567,cup,41,257,0.3896,693.95,923.96,890.23,1159.69
1380,858,28.6,cup,41,257,0.5152,693.12,923.78,890.36,1160.94
1381,858,28.6,tv,62,253,0.3832,11.43,0.98,1241.49,623.96
1382,859,28.633,cup,41,257,0.5901,692.4,923.67,889.42,1161.1
1383,859,28.633,tv,62,253,0.431,11.58,0.82,1240.61,622.68
1384,860,28.667,cup,41,257,0.4181,692.81,923.46,888.94,1159.82
1385,860,28.667,tv,62,253,0.4908,10.86,0.95,1240.17,622.57
1386,861,28.7,cup,41,257,0.5093,691.6,923.65,888.32,1161.03
1387,861,28.7,tv,62,253,0.551,10.0,1.13,1240.06,622.69
1388,862,28.733,cup,41,257,0.5732,691.07,923.63,887.95,1161.43
1389,862,28.733,tv,62,253,0.4731,8.69,1.11,1241.5,623.83
1390,863,28.767,cup,41,257,0.5353,690.36,924.13,886.51,1161.42
1391,863,28.767,tv,62,253,0.369,8.99,0.7,1242.46,623.74
1392,864,28.8,cup,41,257,0.6,689.59,923.81,885.59,1161.12
1393,864,28.8,tv,62,253,0.3819,8.0,0.74,1242.56,624.38
1394,865,28.833,cup,41,257,0.5671,688.41,923.74,884.61,1161.65
1395,865,28.833,tv,62,253,0.5026,5.74,1.12,1238.24,623.47
1396,866,28.867,cup,41,257,0.7011,686.39,923.66,883.13,1162.57
1397,866,28.867,tv,62,253,0.4147,7.04,1.21,1238.22,622.59
1398,866,28.867,cup,41,265,0.48,428.68,1026.72,602.67,1185.6
1399,867,28.9,cup,41,257,0.6464,687.19,923.64,883.52,1162.52
1400,868,28.933,cup,41,257,0.5744,686.84,923.5,882.79,1162.05
1401,868,28.933,tv,62,253,0.4274,7.48,0.97,1238.36,622.05
1402,869,28.967,cup,41,257,0.5222,686.64,924.13,882.61,1162.61
1403,869,28.967,tv,62,253,0.4138,8.71,1.35,1241.75,623.59
1404,869,28.967,cup,41,265,0.4146,428.08,1028.69,601.33,1186.77
1405,870,29.0,cup,41,257,0.5662,687.07,924.1,882.33,1161.48
1406,870,29.0,tv,62,253,0.4067,8.88,1.24,1242.28,623.61
1407,871,29.033,cup,41,257,0.5043,686.98,924.36,882.06,1161.07
1408,871,29.033,tv,62,253,0.5495,8.5,0.73,1244.9,624.83
1409,872,29.067,cup,41,257,0.6229,686.95,924.64,883.02,1162.35
1410,872,29.067,tv,62,253,0.5538,7.34,1.25,1242.98,624.59
1411,872,29.067,cup,41,265,0.4617,426.78,1027.48,601.39,1186.81
1412,873,29.1,cup,41,257,0.5515,687.59,924.32,883.72,1162.06
1413,873,29.1,tv,62,253,0.4848,5.21,0.75,1243.72,625.66
1414,873,29.1,cup,41,265,0.4074,427.01,1026.8,601.85,1186.31
1415,874,29.133,cup,41,257,0.3783,687.38,924.38,883.6,1162.11
1416,874,29.133,tv,62,253,0.3798,5.91,0.51,1244.67,625.71
1417,875,29.167,cup,41,257,0.3722,687.89,924.79,883.67,1161.97
1418,875,29.167,tv,62,253,0.4355,6.22,0.63,1245.14,626.12
1419,876,29.2,cup,41,257,0.5737,687.23,924.9,883.02,1162.07
1420,876,29.2,tv,62,253,0.4007,5.52,0.41,1244.73,625.96
1421,876,29.2,cup,41,265,0.4617,427.54,1026.95,601.53,1185.68
1422,877,29.233,cup,41,257,0.4918,687.42,925.08,882.87,1162.01
1423,877,29.233,tv,62,253,0.4681,6.38,0.6,1246.88,627.05
1424,877,29.233,cup,41,265,0.4067,428.36,1027.44,601.78,1185.46
1425,878,29.267,cup,41,257,0.4527,687.09,925.02,882.86,1162.36
1426,878,29.267,cup,41,265,0.3951,428.14,1026.83,603.03,1186.18
1427,879,29.3,tv,62,253,0.4362,7.48,0.66,1246.32,626.41
1428,880,29.333,tv,62,253,0.43,3.27,1.18,1246.49,629.35
1429,880,29.333,cup,41,257,0.5777,686.92,925.1,883.61,1163.81
1430,881,29.367,tv,62,253,0.4469,3.47,1.27,1245.46,628.79
1431,881,29.367,cup,41,257,0.5997,686.28,925.17,882.77,1163.71
1432,881,29.367,cup,41,265,0.3742,428.01,1025.99,603.86,1186.32
1433,882,29.4,tv,62,253,0.4633,5.31,0.93,1244.77,627.34
1434,882,29.4,cup,41,257,0.4488,685.78,925.16,882.34,1163.95
1435,882,29.4,cup,41,265,0.3682,428.82,1028.42,602.41,1186.47
1436,883,29.433,cup,41,257,0.4644,686.5,925.38,882.59,1163.47
1437,884,29.467,tv,62,253,0.4588,8.59,1.5,1245.11,626.72
1438,885,29.5,tv,62,253,0.3841,10.45,1.39,1248.29,627.83
1439,885,29.5,cup,41,265,0.4787,426.64,1025.76,603.71,1187.47
1440,885,29.5,cup,41,257,0.3794,685.82,926.3,882.1,1164.64
1441,886,29.533,tv,62,253,0.4602,7.66,1.6,1247.82,629.44
1442,886,29.533,cup,41,265,0.3971,426.31,1025.96,603.72,1188.19
1443,887,29.567,cup,41,265,0.4792,427.77,1029.12,601.75,1187.97
1444,887,29.567,cup,41,257,0.3633,685.93,925.93,881.55,1163.23
1445,888,29.6,cup,41,257,0.4309,686.48,925.79,881.46,1161.71
1446,888,29.6,tv,62,253,0.3756,8.34,1.04,1246.74,628.12
1447,889,29.633,tv,62,253,0.4451,9.95,1.42,1246.98,628.39
1448,889,29.633,cup,41,265,0.4187,429.13,1029.74,600.58,1185.88
1449,890,29.667,tv,62,253,0.4088,9.58,1.44,1247.21,629.06
1450,891,29.7,tv,62,253,0.3811,8.35,1.76,1246.54,629.47
1451,891,29.7,cup,41,257,0.4381,685.59,925.54,881.28,1162.24
1452,892,29.733,tv,62,253,0.4708,3.03,1.09,1250.05,634.19
1453,893,29.767,tv,62,253,0.364,5.95,0.88,1248.58,631.93
1454,893,29.767,cup,41,265,0.3613,429.09,1027.22,604.31,1187.01
1455,896,29.867,tv,62,253,0.384,5.97,1.09,1249.63,633.27
1456,897,29.9,tv,62,253,0.4037,8.41,1.41,1250.24,633.59
1457,898,29.933,tv,62,253,0.4648,5.91,1.42,1246.64,633.55
1458,899,29.967,tv,62,253,0.4192,1.22,0.79,1247.54,637.5
1459,901,30.033,tv,62,253,0.4768,0.0,0.45,1251.07,641.7
1460,902,30.067,tv,62,253,0.3927,4.8,0.43,1249.83,638.69
1461,903,30.1,tv,62,253,0.4332,6.01,0.39,1249.04,638.76
1462,904,30.133,tv,62,253,0.4016,4.12,0.77,1247.23,640.67
1463,904,30.133,cup,41,257,0.4072,691.61,929.73,886.52,1166.53
1464,905,30.167,cup,41,257,0.4472,693.45,929.96,887.57,1166.79
1465,905,30.167,cup,41,265,0.4757,442.28,1032.74,615.89,1191.74
1466,906,30.2,cup,41,257,0.5866,694.68,930.99,887.9,1167.64
1467,906,30.2,tv,62,253,0.5425,1.6,1.26,1241.26,641.57
1468,907,30.233,cup,41,257,0.6032,695.32,931.65,888.47,1169.13
1469,907,30.233,tv,62,253,0.4715,0.0,1.36,1236.56,644.23
1470,908,30.267,cup,41,257,0.608,697.79,933.66,889.66,1170.84
1471,908,30.267,tv,62,253,0.4933,0.0,1.46,1231.41,642.24
1472,909,30.3,cup,41,257,0.4859,699.91,934.83,891.22,1172.55
1473,909,30.3,cup,41,265,0.3629,452.18,1043.0,622.23,1198.89
1474,910,30.333,cup,41,257,0.4922,700.94,936.14,891.47,1174.33
1475,910,30.333,tv,62,253,0.5777,0.0,1.54,1226.47,645.39
1476,911,30.367,cup,41,257,0.6835,700.75,936.56,889.16,1175.28
1477,911,30.367,tv,62,253,0.3756,0.0,1.36,1218.4,644.28
1478,911,30.367,cup,41,265,0.3987,457.99,1044.86,627.96,1201.51
1479,912,30.4,cup,41,257,0.5478,701.29,935.88,887.09,1174.46
1480,914,30.467,cup,41,265,0.3637,460.14,1043.87,620.86,1195.81
1481,916,30.533,person,0,268,0.3934,386.81,1046.96,1140.17,1406.99
1482,917,30.567,person,0,268,0.673,393.72,1056.57,1128.69,1407.78
1483,918,30.6,person,0,268,0.7274,385.65,1068.36,1096.4,1408.0
1484,919,30.633,person,0,268,0.4036,412.37,1074.82,1113.65,1408.0
1485,919,30.633,tv,62,253,0.3643,0.0,0.68,1132.8,615.76
1486,920,30.667,person,0,268,0.641,394.58,1082.1,1081.52,1408.0
1487,921,30.7,person,0,268,0.6117,394.24,1085.2,1077.02,1408.0
1488,921,30.7,cup,41,257,0.4887,705.44,902.72,883.85,1135.48
1489,922,30.733,person,0,268,0.6179,382.63,1088.95,1061.07,1408.0
1490,922,30.733,cup,41,257,0.5272,705.01,899.48,883.15,1135.62
1491,923,30.767,person,0,268,0.4066,374.38,1094.59,1046.05,1408.0
1492,923,30.767,cup,41,257,0.5006,705.76,896.89,882.58,1134.69
1493,923,30.767,cup,41,270,0.4463,463.25,1029.76,587.97,1143.56
1494,924,30.8,person,0,268,0.4267,361.91,1091.27,1044.76,1408.0
1495,924,30.8,cup,41,257,0.5116,705.85,895.2,880.77,1133.14
1496,925,30.833,cup,41,257,0.451,705.52,893.64,878.39,1131.25
1497,926,30.867,cup,41,257,0.4794,705.42,892.1,875.79,1128.55
1498,927,30.9,cup,41,257,0.3744,705.23,889.81,873.72,1126.08
1499,929,30.967,person,0,271,0.3524,1.47,511.31,709.82,1404.98
1500,930,31.0,person,0,271,0.5096,4.16,526.25,701.98,1406.41
1501,930,31.0,tv,62,253,0.4482,0.0,0.52,1106.25,661.86
1502,931,31.033,tv,62,253,0.4526,0.0,0.12,1084.82,658.87
1503,931,31.033,cup,41,257,0.4524,705.61,888.07,871.85,1124.01
1504,932,31.067,cup,41,257,0.3996,705.13,885.9,869.7,1122.12
1505,932,31.067,person,0,271,0.4709,1.08,539.99,688.3,1406.73
1506,933,31.1,tv,62,253,0.4315,0.0,0.64,1052.45,643.24
1507,934,31.133,tv,62,253,0.4553,0.0,1.96,1027.69,628.52
1508,935,31.167,tv,62,253,0.3763,0.0,2.18,1019.75,631.37
1509,935,31.167,cup,41,257,0.4184,700.14,878.35,862.52,1114.84
1510,944,31.467,tv,62,253,0.3645,0.0,1.52,1011.79,658.7
1511,945,31.5,tv,62,253,0.3643,0.0,1.93,995.84,651.38
1512,946,31.533,tv,62,253,0.4447,0.0,1.74,989.48,652.01
1513,948,31.6,tv,62,253,0.4202,0.0,1.95,980.02,645.64
1514,949,31.633,cup,41,257,0.3544,704.5,877.46,862.51,1113.32
1515,952,31.733,cup,41,257,0.3622,707.52,877.84,864.07,1115.84
1516,953,31.767,mouse,64,275,0.5506,549.87,1073.21,712.49,1279.81
1517,954,31.8,mouse,64,275,0.4875,549.87,1073.94,711.91,1279.75
1518,954,31.8,tv,62,253,0.3755,0.0,2.51,977.54,640.69
1519,957,31.9,tv,62,253,0.3824,0.0,2.48,977.94,647.02
1520,960,32.0,cup,41,257,0.3839,705.8,883.38,857.63,1118.16
1521,960,32.0,tv,62,253,0.3689,0.0,2.66,977.06,657.75
1522,963,32.1,cup,41,257,0.3518,705.78,896.25,853.18,1127.01
1523,964,32.133,cup,41,257,0.5024,706.45,902.52,853.61,1135.48
1524,965,32.167,cup,41,257,0.548,707.53,908.91,854.53,1143.77
1525,966,32.2,cup,41,257,0.4261,709.06,915.99,855.78,1151.4
1526,966,32.2,mouse,64,275,0.4357,542.44,1108.69,706.82,1316.21
1527,967,32.233,mouse,64,275,0.5186,543.06,1110.83,710.47,1322.06
1528,976,32.533,cup,41,257,0.382,715.56,925.97,859.63,1158.98
1529,977,32.567,cup,41,275,0.4249,545.79,1101.47,718.28,1318.08
1530,978,32.6,cup,41,257,0.4476,720.44,921.75,863.51,1154.68
1531,979,32.633,cup,41,257,0.4479,721.84,919.7,864.64,1153.35
1532,980,32.667,cup,41,257,0.4581,722.72,918.17,865.16,1152.05
1533,981,32.7,cup,41,257,0.4465,723.16,916.52,865.09,1149.92
1534,982,32.733,cup,41,257,0.3581,723.28,915.43,864.45,1147.51
1535,983,32.767,cup,41,257,0.435,724.08,914.8,864.33,1144.74
1536,984,32.8,cup,41,257,0.4951,725.24,914.13,865.07,1143.0
1537,985,32.833,cup,41,257,0.5485,728.11,914.86,866.86,1142.26
1538,985,32.833,person,0,282,0.4036,0.0,1016.47,735.98,1406.21
1539,986,32.867,cup,41,257,0.625,728.91,914.94,868.01,1142.95
1540,987,32.9,cup,41,257,0.637,729.28,914.65,868.48,1142.34
1541,988,32.933,cup,41,257,0.5319,729.94,914.25,869.85,1142.69
1542,989,32.967,cup,41,257,0.383,731.03,914.15,870.81,1141.75
1543,989,32.967,person,0,282,0.3636,2.52,1021.48,738.54,1407.94
1544,990,33.0,cup,41,257,0.3888,731.65,913.46,871.92,1141.31
1545,991,33.033,cup,41,257,0.5269,732.0,912.94,872.76,1141.03
1546,993,33.1,cup,41,257,0.45,733.67,912.73,874.76,1140.94
1547,994,33.133,cup,41,257,0.4623,734.47,912.08,876.42,1141.08
1548,995,33.167,cup,41,257,0.4313,736.34,911.79,878.78,1141.02
1549,996,33.2,cup,41,257,0.5126,737.16,911.48,880.24,1141.29
1550,996,33.2,person,0,282,0.4548,1.7,1019.53,739.41,1407.17
1551,997,33.233,cup,41,257,0.5207,736.61,911.77,879.99,1141.86
1552,998,33.267,cup,41,257,0.4303,734.94,912.32,878.76,1143.0
1553,999,33.3,cup,41,257,0.4465,733.96,912.07,877.51,1142.47
1554,999,33.3,person,0,282,0.4991,0.0,1023.19,730.41,1407.93
1555,1002,33.4,cup,41,257,0.4189,729.44,912.38,875.27,1147.43
1556,1002,33.4,person,0,282,0.441,0.0,1023.4,711.27,1407.83
1557,1003,33.433,cup,41,257,0.424,727.74,912.28,873.47,1147.64
1558,1003,33.433,person,0,282,0.4257,0.0,1030.99,697.76,1407.61
1559,1004,33.467,cup,41,257,0.3648,726.43,912.76,871.55,1147.18
1560,1005,33.5,cup,41,257,0.4622,725.76,912.35,870.57,1146.34
1561,1005,33.5,person,0,282,0.4264,0.0,1035.91,696.11,1407.84
1562,1006,33.533,cup,41,257,0.4537,725.77,912.66,870.54,1146.85
1563,1007,33.567,cup,41,257,0.5267,725.39,911.99,870.4,1146.72
1564,1008,33.6,cup,41,257,0.4211,725.23,910.95,869.98,1145.42
1565,1009,33.633,cup,41,257,0.5777,725.08,910.45,869.64,1144.76
1566,1010,33.667,cup,41,257,0.6032,725.65,909.38,870.13,1143.85
1567,1010,33.667,person,0,282,0.4377,216.55,1027.47,942.48,1408.0
1568,1011,33.7,cup,41,257,0.6283,726.11,908.79,870.15,1142.67
1569,1012,33.733,cup,41,257,0.5806,726.66,909.96,870.35,1143.39
1570,1013,33.767,cup,41,257,0.4287,726.66,911.87,870.75,1146.28
1571,1013,33.767,person,0,282,0.5291,280.29,1032.05,997.85,1408.0
1572,1014,33.8,cup,41,257,0.4998,727.04,915.41,871.57,1150.67
1573,1015,33.833,cup,41,257,0.5432,726.89,918.74,871.44,1154.2
1574,1016,33.867,cup,41,257,0.3524,726.5,920.16,871.2,1156.14
1575,1016,33.867,cup,41,286,0.4304,543.63,1102.12,725.1,1336.35
1576,1017,33.9,cup,41,257,0.495,726.32,919.63,871.48,1156.79
1577,1017,33.9,cup,41,286,0.4871,548.87,1106.07,727.73,1336.96
1578,1018,33.933,cup,41,257,0.5307,726.43,919.44,871.45,1156.68
1579,1018,33.933,cup,41,286,0.4026,554.66,1111.46,732.56,1340.92
1580,1018,33.933,cup,41,287,0.4158,485.9,1049.06,606.63,1198.6
1581,1019,33.967,cup,41,257,0.5356,725.87,919.88,870.84,1157.46
1582,1019,33.967,cup,41,287,0.4885,486.96,1050.21,605.94,1197.41
1583,1020,34.0,cup,41,257,0.4067,726.33,921.59,870.34,1157.63
1584,1020,34.0,cup,41,287,0.394,487.58,1052.67,606.5,1199.54
1585,1021,34.033,cup,41,257,0.4032,725.45,920.35,870.22,1157.82
1586,1021,34.033,cup,41,287,0.3615,486.15,1051.39,605.17,1198.07
1587,1022,34.067,cup,41,257,0.4236,724.03,917.8,869.03,1155.98
1588,1022,34.067,cup,41,287,0.3504,484.51,1047.2,602.9,1192.75
1589,1022,34.067,cup,41,286,0.451,554.24,1104.7,738.36,1341.46
1590,1023,34.1,cup,41,257,0.5837,723.1,915.26,868.28,1153.78
1591,1023,34.1,cup,41,287,0.3927,483.19,1042.31,601.31,1187.26
1592,1023,34.1,cup,41,286,0.4446,551.7,1101.15,737.4,1339.44
1593,1024,34.133,cup,41,257,0.4902,722.89,914.37,867.64,1152.42
1594,1025,34.167,cup,41,257,0.3881,721.82,914.23,866.19,1151.93
1595,1026,34.2,cup,41,257,0.5514,720.89,916.72,865.06,1154.45
1596,1027,34.233,cup,41,257,0.4187,720.58,920.63,863.97,1157.24
1597,1028,34.267,cup,41,257,0.3832,721.03,924.0,863.86,1159.78
1598,1028,34.267,cup,41,287,0.4701,479.8,1023.65,599.26,1170.28
1599,1028,34.267,cup,41,286,0.4032,536.54,1096.21,716.71,1328.58
1600,1029,34.3,cup,41,257,0.5529,721.88,928.1,865.17,1164.35
1601,1029,34.3,cup,41,287,0.6246,480.64,1019.9,602.48,1170.02
1602,1029,34.3,cup,41,286,0.3898,539.81,1097.14,706.46,1311.83
1603,1030,34.333,cup,41,257,0.6301,724.18,932.82,868.52,1170.11
1604,1030,34.333,cup,41,287,0.4205,487.39,1016.49,604.01,1159.3
1605,1031,34.367,cup,41,257,0.6367,727.63,937.91,872.83,1175.54
1606,1031,34.367,cup,41,287,0.4591,494.32,1007.44,606.78,1144.01
1607,1032,34.4,cup,41,257,0.5292,731.99,943.64,879.19,1183.14
1608,1032,34.4,cup,41,287,0.4412,503.07,1003.09,613.43,1135.33
1609,1033,34.433,cup,41,257,0.4298,738.21,949.5,887.36,1190.27
1610,1033,34.433,cup,41,287,0.6404,509.63,998.48,632.93,1146.07
1611,1034,34.467,cup,41,257,0.4803,747.59,954.78,898.08,1195.35
1612,1034,34.467,cup,41,287,0.7466,516.49,993.06,647.48,1150.74
1613,1035,34.5,cup,41,257,0.4573,758.71,957.33,910.25,1197.33
1614,1035,34.5,cup,41,287,0.78,529.19,987.07,662.21,1148.51
1615,1036,34.533,cup,41,257,0.4061,772.8,957.14,926.08,1196.93
1616,1036,34.533,cup,41,287,0.6727,545.01,978.35,679.22,1143.14
1617,1037,34.567,cup,41,287,0.6396,564.54,970.61,697.52,1136.01
1618,1038,34.6,cup,41,287,0.6131,587.25,964.75,718.46,1130.24
1619,1038,34.6,cup,41,257,0.3732,809.44,958.73,963.44,1195.4
1620,1039,34.633,cup,41,287,0.5234,611.26,961.86,740.98,1127.62
1621,1040,34.667,cup,41,287,0.4422,637.6,959.95,766.16,1126.33
1622,1041,34.7,cup,41,287,0.4983,666.97,961.9,791.82,1125.26
1623,1045,34.833,refrigerator,72,293,0.5106,17.0,12.03,872.74,1331.2
1624,1046,34.867,refrigerator,72,293,0.6678,41.66,6.92,898.67,1325.34
1625,1047,34.9,refrigerator,72,293,0.7132,78.5,11.08,935.86,1326.23
1626,1048,34.933,refrigerator,72,293,0.5974,115.44,2.81,979.94,1323.62
1627,1049,34.967,refrigerator,72,293,0.644,137.02,0.11,1013.51,1330.15
1628,1050,35.0,refrigerator,72,293,0.6096,130.98,0.0,1024.87,1339.2
1629,1051,35.033,refrigerator,72,293,0.506,337.21,0.0,1213.51,1336.8
1630,1052,35.067,refrigerator,72,293,0.6693,450.02,12.28,1306.48,1345.33
1631,1053,35.1,refrigerator,72,293,0.8489,512.39,6.12,1359.98,1351.19
1632,1054,35.133,refrigerator,72,293,0.7684,555.7,4.56,1391.54,1356.76
1633,1055,35.167,refrigerator,72,293,0.8706,590.29,4.77,1408.0,1365.01
1634,1056,35.2,refrigerator,72,293,0.8402,620.54,5.42,1408.0,1364.4
1635,1057,35.233,refrigerator,72,293,0.891,645.35,23.36,1408.0,1374.59
1636,1058,35.267,refrigerator,72,293,0.9011,671.89,18.39,1408.0,1365.22
1637,1059,35.3,refrigerator,72,293,0.903,690.12,27.07,1408.0,1370.22
1638,1060,35.333,refrigerator,72,293,0.9135,699.84,32.75,1408.0,1374.36
1639,1061,35.367,refrigerator,72,293,0.9119,709.73,36.82,1408.0,1369.87
1640,1062,35.4,refrigerator,72,293,0.9158,717.85,27.38,1408.0,1368.91
1641,1063,35.433,refrigerator,72,293,0.9132,723.49,23.01,1408.0,1363.49
1642,1064,35.467,refrigerator,72,293,0.9143,728.15,21.21,1408.0,1354.73
1643,1065,35.5,refrigerator,72,293,0.8978,731.79,18.37,1408.0,1352.79
1644,1066,35.533,refrigerator,72,293,0.9158,745.94,44.92,1408.0,1348.05
1645,1067,35.567,refrigerator,72,293,0.9124,742.37,24.99,1408.0,1367.3
1646,1068,35.6,refrigerator,72,293,0.922,748.39,52.07,1408.0,1386.09
1647,1069,35.633,refrigerator,72,293,0.9187,748.5,47.51,1408.0,1391.91
1648,1070,35.667,refrigerator,72,293,0.9375,745.35,21.18,1408.0,1396.62
1649,1071,35.7,refrigerator,72,293,0.9323,750.82,17.46,1408.0,1382.66
1650,1072,35.733,refrigerator,72,293,0.9223,760.17,18.72,1408.0,1370.6
1651,1073,35.767,refrigerator,72,293,0.8644,769.17,32.02,1408.0,1356.15
1652,1074,35.8,refrigerator,72,293,0.7736,764.27,18.49,1408.0,1358.98
1653,1075,35.833,refrigerator,72,293,0.6249,769.38,11.45,1408.0,1324.51
1654,1076,35.867,refrigerator,72,293,0.8082,779.98,10.96,1408.0,1291.1
1655,1077,35.9,refrigerator,72,293,0.8808,780.73,9.95,1408.0,1289.16
1656,1078,35.933,refrigerator,72,293,0.8336,780.65,7.76,1408.0,1297.94
1657,1079,35.967,refrigerator,72,293,0.8179,784.29,8.55,1408.0,1291.98
1658,1080,36.0,refrigerator,72,293,0.7533,783.25,5.38,1408.0,1292.89
1659,1081,36.033,refrigerator,72,293,0.7571,782.73,4.27,1408.0,1293.73
1660,1082,36.067,refrigerator,72,293,0.7636,781.45,2.96,1408.0,1289.33
1661,1083,36.1,refrigerator,72,293,0.8563,772.77,3.43,1404.27,1290.71
1662,1084,36.133,refrigerator,72,293,0.3838,760.41,2.93,1398.39,1298.25
1663,1086,36.2,refrigerator,72,293,0.5503,740.25,3.14,1381.0,1291.32
1664,1087,36.233,refrigerator,72,293,0.3737,718.41,1.88,1369.02,1291.92
1665,1088,36.267,refrigerator,72,293,0.6394,702.54,0.18,1365.94,1297.37
1666,1089,36.3,refrigerator,72,293,0.3557,685.96,0.0,1365.35,1309.39
1667,1090,36.333,refrigerator,72,293,0.6075,670.7,0.0,1357.23,1299.16
1668,1091,36.367,refrigerator,72,293,0.8234,663.66,1.23,1356.91,1292.44
1669,1092,36.4,refrigerator,72,293,0.4471,654.21,0.13,1358.14,1292.96
1670,1099,36.633,refrigerator,72,293,0.5192,289.36,2.8,1104.27,1345.38
1671,1101,36.7,toilet,61,295,0.4967,259.64,1053.68,638.25,1406.19
1672,1101,36.7,refrigerator,72,293,0.5057,252.85,1.68,1148.02,1350.73
1673,1102,36.733,person,0,295,0.564,259.85,1018.2,678.33,1407.52
1674,1102,36.733,refrigerator,72,293,0.6671,220.96,1.27,1181.37,1366.09
1675,1103,36.767,refrigerator,72,293,0.6777,200.83,1.7,1214.48,1372.68
1676,1104,36.8,refrigerator,72,293,0.7627,174.23,1.02,1234.7,1382.92
1677,1105,36.833,refrigerator,72,293,0.835,162.44,0.71,1255.32,1379.94
1678,1106,36.867,refrigerator,72,293,0.8026,149.36,0.56,1280.17,1391.67
1679,1107,36.9,refrigerator,72,293,0.8209,135.93,0.62,1293.01,1391.54
1680,1108,36.933,refrigerator,72,293,0.7843,132.6,1.76,1304.75,1382.88
1681,1108,36.933,bottle,39,299,0.7163,795.06,965.26,1037.57,1318.91
1682,1108,36.933,bottle,39,300,0.5751,915.11,812.03,1051.32,998.58
1683,1109,36.967,refrigerator,72,293,0.8193,131.71,1.12,1304.22,1356.33
1684,1109,36.967,bottle,39,299,0.5117,831.47,977.85,1035.09,1273.71
1685,1109,36.967,bottle,39,300,0.6409,899.61,815.47,1047.51,1018.47
1686,1110,37.0,refrigerator,72,293,0.8248,113.02,1.64,1290.83,1340.49
1687,1110,37.0,bottle,39,299,0.6346,811.43,986.41,1054.53,1338.94
1688,1110,37.0,bottle,39,300,0.5257,885.25,819.16,1043.49,1037.45
1689,1110,37.0,bottle,39,302,0.5295,469.74,804.83,817.41,1179.96
1690,1111,37.033,refrigerator,72,293,0.8399,107.21,3.36,1308.1,1347.38
1691,1111,37.033,bottle,39,299,0.6584,806.4,1001.81,1070.65,1384.8
1692,1111,37.033,bottle,39,302,0.3566,489.74,798.19,836.59,1173.16
1693,1112,37.067,refrigerator,72,293,0.8195,82.28,2.91,1324.66,1379.57
1694,1112,37.067,bottle,39,299,0.4235,836.1,1016.57,1073.12,1358.99
1695,1112,37.067,bottle,39,300,0.6099,852.68,789.43,1026.93,1032.95
1696,1113,37.1,refrigerator,72,293,0.7688,87.75,2.15,1316.74,1344.68
1697,1113,37.1,bottle,39,299,0.3505,855.44,1025.82,1070.38,1334.32
1698,1113,37.1,bottle,39,300,0.6722,837.71,785.87,1012.98,1034.56
1699,1114,37.133,refrigerator,72,293,0.8545,85.49,3.79,1314.59,1327.59
1700,1114,37.133,bottle,39,299,0.4743,862.42,1031.31,1072.87,1331.91
1701,1114,37.133,bottle,39,300,0.6234,830.27,803.88,990.5,1033.87
1702,1114,37.133,bottle,39,302,0.4263,540.17,775.69,888.44,1154.84
1703,1115,37.167,refrigerator,72,293,0.8612,70.47,1.46,1318.79,1330.03
1704,1115,37.167,bottle,39,299,0.5309,863.86,1033.01,1075.35,1333.27
1705,1115,37.167,bottle,39,300,0.4767,829.36,815.25,971.8,1022.24
1706,1115,37.167,bottle,39,304,0.4677,953.87,402.49,1148.92,761.43
1707,1116,37.2,refrigerator,72,293,0.8532,66.94,0.58,1321.56,1319.5
1708,1116,37.2,bottle,39,304,0.354,947.09,395.16,1140.25,751.02
1709,1117,37.233,refrigerator,72,293,0.8345,64.19,1.92,1324.71,1313.16
1710,1117,37.233,bottle,39,304,0.3665,931.76,391.33,1130.13,757.82
1711,1118,37.267,refrigerator,72,293,0.8514,58.15,0.73,1332.71,1314.48
1712,1118,37.267,bottle,39,304,0.4936,923.06,390.67,1112.39,740.6
1713,1118,37.267,bottle,39,302,0.3713,640.2,759.04,951.0,1103.73
1714,1119,37.3,refrigerator,72,293,0.8438,50.8,0.28,1337.63,1316.22
1715,1119,37.3,bottle,39,304,0.5089,909.09,389.44,1097.31,737.16
1716,1120,37.333,refrigerator,72,293,0.828,45.56,1.91,1343.34,1319.31
1717,1120,37.333,bottle,39,304,0.6334,895.78,391.72,1081.17,734.29
1718,1121,37.367,refrigerator,72,293,0.855,49.84,5.24,1344.97,1309.33
1719,1121,37.367,bottle,39,304,0.4429,879.16,394.2,1061.89,731.13
1720,1122,37.4,refrigerator,72,293,0.8669,48.95,11.37,1350.23,1313.13
1721,1122,37.4,bottle,39,304,0.5742,865.06,401.02,1049.54,741.41
1722,1122,37.4,bottle,39,299,0.4967,818.87,1044.65,1062.83,1391.05
1723,1123,37.433,refrigerator,72,293,0.8631,45.17,19.34,1355.48,1323.07
1724,1123,37.433,bottle,39,304,0.475,848.41,406.5,1038.43,757.7
1725,1124,37.467,refrigerator,72,293,0.8612,42.55,28.69,1358.24,1331.0
1726,1124,37.467,bottle,39,304,0.4604,836.17,414.95,1021.25,756.74
1727,1124,37.467,person,0,295,0.5579,252.64,862.04,830.1,1406.69
1728,1124,37.467,bottle,39,299,0.411,810.57,1053.12,1048.03,1386.61
1729,1125,37.5,refrigerator,72,293,0.8612,34.06,37.75,1361.63,1346.18
1730,1125,37.5,bottle,39,304,0.3996,822.98,425.63,1006.98,766.74
1731,1125,37.5,person,0,295,0.4683,274.4,874.64,830.65,1407.21
1732,1126,37.533,refrigerator,72,293,0.8686,24.46,36.58,1378.25,1370.27
1733,1126,37.533,bottle,39,304,0.5242,811.47,440.33,993.34,779.11
1734,1126,37.533,person,0,295,0.4985,285.24,889.06,822.24,1406.84
1735,1127,37.567,refrigerator,72,293,0.8395,17.26,28.03,1389.62,1380.62
1736,1127,37.567,bottle,39,304,0.7278,798.61,449.29,978.73,784.9
1737,1127,37.567,person,0,295,0.6268,306.17,915.52,816.19,1407.49
1738,1127,37.567,bottle,39,308,0.4331,703.1,1.12,827.77,186.82
1739,1127,37.567,bottle,39,299,0.4775,798.63,1079.55,1015.09,1380.92
1740,1128,37.6,refrigerator,72,293,0.8,8.54,14.81,1399.83,1385.77
1741,1128,37.6,bottle,39,304,0.6536,791.25,467.43,968.9,799.79
1742,1128,37.6,person,0,295,0.5526,325.16,936.99,812.57,1407.75
1743,1128,37.6,bottle,39,308,0.6265,691.22,1.02,824.84,200.6
1744,1129,37.633,refrigerator,72,293,0.8304,0.18,6.43,1402.81,1389.1
1745,1129,37.633,bottle,39,304,0.5199,784.21,480.52,960.55,811.93
1746,1129,37.633,person,0,295,0.5869,345.51,962.1,808.42,1407.86
1747,1129,37.633,bottle,39,308,0.5748,679.45,0.7,823.35,216.98
1748,1130,37.667,refrigerator,72,293,0.8312,0.0,1.95,1401.96,1385.89
1749,1130,37.667,bottle,39,304,0.5511,776.97,492.05,952.5,822.23
1750,1130,37.667,person,0,295,0.5203,355.43,986.3,797.93,1407.91
1751,1130,37.667,bottle,39,308,0.6087,673.53,7.43,820.53,230.26
1752,1130,37.667,bottle,39,311,0.4046,729.98,890.29,816.75,1023.7
1753,1130,37.667,bottle,39,314,0.4268,531.0,34.08,612.65,159.22
1754,1131,37.7,refrigerator,72,293,0.8503,0.0,0.47,1404.67,1394.98
1755,1131,37.7,bottle,39,304,0.5144,774.68,502.65,950.43,834.98
1756,1131,37.7,person,0,295,0.4522,366.8,1002.89,796.96,1407.93
1757,1131,37.7,bottle,39,308,0.4115,667.66,7.37,821.74,243.78
1758,1131,37.7,bottle,39,314,0.354,531.8,47.01,612.36,170.49
1759,1132,37.733,refrigerator,72,293,0.8404,0.0,0.0,1405.77,1393.8
1760,1132,37.733,bottle,39,304,0.6281,777.99,515.84,950.24,842.82
1761,1132,37.733,bottle,39,308,0.5979,668.99,5.92,827.41,252.87
1762,1132,37.733,bottle,39,299,0.3781,798.16,1131.27,996.95,1405.52
1763,1132,37.733,bottle,39,311,0.5247,720.26,869.91,838.27,1052.77
1764,1133,37.767,refrigerator,72,293,0.8465,0.0,0.81,1404.43,1389.75
1765,1133,37.767,bottle,39,304,0.5857,781.54,528.34,951.36,852.06
1766,1133,37.767,bottle,39,308,0.5608,674.63,10.69,833.93,263.36
1767,1133,37.767,bottle,39,299,0.4032,799.3,1141.5,995.27,1408.0
1768,1133,37.767,person,0,295,0.3816,382.34,1023.53,797.77,1408.0
1769,1134,37.8,refrigerator,72,293,0.8435,9.1,4.36,1396.68,1371.0
1770,1134,37.8,bottle,39,304,0.5594,785.31,537.72,952.6,857.98
1771,1134,37.8,bottle,39,308,0.552,680.5,19.23,839.22,275.7
1772,1134,37.8,person,0,295,0.6077,381.91,1021.06,805.22,1408.0
1773,1135,37.833,refrigerator,72,293,0.8512,0.0,1.32,1406.91,1395.8
1774,1135,37.833,bottle,39,304,0.6205,785.34,551.0,951.62,870.39
1775,1135,37.833,bottle,39,308,0.4826,688.5,34.04,842.47,287.67
1776,1135,37.833,person,0,295,0.5279,390.25,1028.57,809.63,1408.0
1777,1135,37.833,bottle,39,311,0.4728,737.34,890.42,848.35,1064.25
1778,1136,37.867,refrigerator,72,293,0.847,0.0,0.98,1408.0,1404.96
1779,1136,37.867,bottle,39,304,0.633,776.51,560.12,948.79,894.5
1780,1136,37.867,bottle,39,308,0.6098,690.38,44.03,842.06,298.9
1781,1136,37.867,bottle,39,318,0.5164,564.16,107.3,638.93,235.95
1782,1136,37.867,bottle,39,311,0.44,739.26,901.14,846.71,1071.14
1783,1137,37.9,refrigerator,72,293,0.8232,0.0,23.82,1399.74,1408.0
1784,1137,37.9,bottle,39,308,0.5894,687.68,52.54,837.69,310.04
1785,1137,37.9,bottle,39,318,0.4808,561.38,118.53,636.35,247.44
1786,1137,37.9,bottle,39,319,0.4905,627.58,146.19,705.12,269.38
1787,1138,37.933,refrigerator,72,293,0.8391,0.0,8.67,1408.0,1408.0
1788,1138,37.933,bottle,39,308,0.6235,683.15,62.79,828.47,317.53
1789,1138,37.933,bottle,39,318,0.489,556.15,130.32,629.87,257.07
1790,1138,37.933,bottle,39,319,0.3954,621.59,157.58,697.36,278.06
1791,1138,37.933,bottle,39,304,0.5915,756.73,579.96,908.89,877.58
1792,1139,37.967,refrigerator,72,293,0.8415,0.0,2.97,1408.0,1408.0
1793,1139,37.967,bottle,39,308,0.5823,675.46,72.52,814.93,322.31
1794,1139,37.967,bottle,39,318,0.5218,544.76,137.85,617.31,262.3
1795,1139,37.967,bottle,39,319,0.388,611.55,163.71,688.52,286.14
1796,1139,37.967,bottle,39,299,0.3797,763.19,1182.22,936.37,1408.0
1797,1140,38.0,refrigerator,72,293,0.7991,0.0,0.8,1408.0,1408.0
1798,1140,38.0,bottle,39,308,0.6192,663.38,76.6,795.05,316.35
1799,1140,38.0,bottle,39,318,0.4819,529.34,140.65,602.02,265.12
1800,1140,38.0,bottle,39,319,0.4298,597.11,166.17,674.55,289.66
1801,1141,38.033,refrigerator,72,293,0.8187,0.0,0.01,1408.0,1408.0
1802,1141,38.033,bottle,39,308,0.5603,639.19,71.38,765.59,310.11
1803,1141,38.033,bottle,39,299,0.4948,719.03,1179.43,893.71,1408.0
1804,1142,38.067,refrigerator,72,293,0.7897,0.0,0.0,1408.0,1408.0
1805,1142,38.067,bottle,39,299,0.6564,688.37,1175.92,863.72,1408.0
1806,1143,38.1,refrigerator,72,293,0.8226,0.0,1.99,1408.0,1408.0
1807,1143,38.1,bottle,39,299,0.621,654.35,1173.11,826.83,1408.0
1808,1144,38.133,refrigerator,72,293,0.6479,0.0,6.26,1368.71,1405.97
1809,1144,38.133,bottle,39,299,0.5899,620.51,1169.88,788.56,1408.0
1810,1145,38.167,refrigerator,72,293,0.3985,0.0,6.41,1385.63,1402.81
1811,1145,38.167,bottle,39,299,0.6009,586.61,1165.67,749.51,1408.0
1812,1154,38.467,refrigerator,72,293,0.7903,0.0,0.4,1032.08,1398.89
1813,1155,38.5,refrigerator,72,293,0.8552,0.0,0.05,974.16,1400.88
1814,1156,38.533,refrigerator,72,293,0.7754,0.0,0.0,931.29,1395.35
1815,1157,38.567,refrigerator,72,293,0.6559,0.0,0.0,907.77,1399.01
1816,1158,38.6,refrigerator,72,293,0.8147,0.0,1.52,881.19,1394.24
1817,1159,38.633,refrigerator,72,293,0.8884,0.0,0.51,864.51,1395.09
1818,1159,38.633,laptop,63,328,0.5078,1068.7,688.09,1233.75,794.27
1819,1160,38.667,refrigerator,72,293,0.9256,0.0,2.35,853.93,1402.1
1820,1161,38.7,refrigerator,72,293,0.8748,0.0,9.13,833.35,1399.45
1821,1161,38.7,laptop,63,328,0.3831,1069.68,681.52,1234.14,787.24
1822,1162,38.733,refrigerator,72,293,0.883,0.0,17.99,837.48,1405.14
1823,1162,38.733,laptop,63,328,0.4886,1070.67,676.12,1236.87,782.89
1824,1163,38.767,refrigerator,72,293,0.9159,0.0,30.24,812.86,1407.27
1825,1163,38.767,laptop,63,328,0.4016,1071.53,673.17,1237.97,779.93
1826,1164,38.8,refrigerator,72,293,0.9107,0.0,39.68,795.79,1408.0
1827,1165,38.833,refrigerator,72,293,0.9305,0.0,35.94,789.52,1408.0
1828,1165,38.833,cup,41,329,0.4358,657.58,882.04,724.42,968.09
1829,1165,38.833,laptop,63,328,0.399,1075.48,673.77,1240.73,779.33
1830,1166,38.867,refrigerator,72,293,0.9255,0.0,57.12,763.11,1398.07
1831,1166,38.867,cup,41,329,0.6143,653.76,886.6,722.09,974.24
1832,1166,38.867,laptop,63,328,0.4705,1079.56,673.97,1249.08,782.03
1833,1167,38.9,refrigerator,72,293,0.9476,0.0,69.75,745.61,1402.42
1834,1167,38.9,cup,41,329,0.431,647.63,889.39,719.51,981.16
1835,1167,38.9,laptop,63,328,0.4127,1087.11,677.0,1259.08,786.18
1836,1168,38.933,refrigerator,72,293,0.9293,0.0,74.15,734.75,1406.17
1837,1168,38.933,cup,41,329,0.377,642.38,892.9,715.25,985.36
1838,1169,38.967,refrigerator,72,293,0.9231,0.0,78.7,719.81,1407.56
1839,1169,38.967,cup,41,329,0.4467,637.82,897.74,711.2,990.26
1840,1170,39.0,refrigerator,72,293,0.9127,0.0,75.76,707.45,1405.79
1841,1170,39.0,cup,41,329,0.4806,634.19,902.8,706.52,992.9
1842,1171,39.033,refrigerator,72,293,0.8408,0.0,75.97,691.56,1407.37
1843,1171,39.033,cup,41,329,0.4635,620.43,900.08,695.9,995.01
1844,1172,39.067,refrigerator,72,293,0.8867,0.0,78.75,682.25,1406.41
1845,1172,39.067,cup,41,329,0.3695,614.29,901.3,690.46,997.87
1846,1173,39.1,refrigerator,72,293,0.8993,0.0,80.16,673.48,1403.82
1847,1174,39.133,refrigerator,72,293,0.8222,0.0,81.74,669.21,1400.64
1848,1175,39.167,refrigerator,72,293,0.5711,0.0,74.33,648.94,1405.4
1849,1175,39.167,oven,69,330,0.3564,594.67,725.42,1028.63,934.88
1850,1176,39.2,refrigerator,72,293,0.6355,0.0,66.9,636.79,1407.19
1851,1177,39.233,refrigerator,72,293,0.8403,0.0,66.13,636.23,1407.85
1852,1177,39.233,oven,69,330,0.4184,621.83,713.64,1091.83,942.1
1853,1178,39.267,refrigerator,72,293,0.7203,0.0,70.43,630.64,1408.0
1854,1178,39.267,oven,69,330,0.4463,643.29,710.68,1114.89,941.95
1855,1179,39.3,refrigerator,72,293,0.7805,0.0,59.24,626.38,1408.0
1856,1179,39.3,oven,69,330,0.6622,655.61,710.12,1129.51,945.12
1857,1180,39.333,refrigerator,72,293,0.8057,0.0,52.55,626.16,1408.0
1858,1180,39.333,oven,69,330,0.5357,673.51,718.98,1135.0,950.2
1859,1181,39.367,refrigerator,72,293,0.6573,0.0,59.94,619.79,1408.0
1860,1181,39.367,oven,69,330,0.3505,679.69,715.67,1150.03,954.44
1861,1182,39.4,refrigerator,72,293,0.4123,0.0,60.35,615.33,1408.0
1862,1182,39.4,oven,69,330,0.6103,686.01,713.34,1163.6,959.7
1863,1183,39.433,oven,69,330,0.587,693.47,712.15,1172.43,963.22
1864,1184,39.467,oven,69,330,0.6587,702.49,713.62,1184.06,969.98
1865,1185,39.5,oven,69,330,0.6825,707.76,711.63,1191.57,973.27
1866,1186,39.533,oven,69,330,0.6357,715.0,713.56,1192.34,975.42
1867,1186,39.533,bottle,39,332,0.3632,738.48,801.45,813.5,950.54
1868,1187,39.567,oven,69,330,0.6259,719.43,714.48,1195.06,978.87
1869,1188,39.6,oven,69,330,0.5998,725.6,719.97,1192.43,981.75
1870,1188,39.6,refrigerator,72,293,0.3715,0.0,9.55,574.43,1405.76
1871,1189,39.633,oven,69,330,0.5298,723.26,715.33,1200.33,986.11
1872,1189,39.633,refrigerator,72,293,0.4238,0.0,14.59,635.97,1401.87
1873,1190,39.667,oven,69,330,0.5356,719.51,713.88,1206.49,993.3
1874,1190,39.667,refrigerator,72,293,0.3868,3.94,27.26,653.58,1404.41
1875,1190,39.667,toaster,70,333,0.389,1055.89,644.72,1194.73,748.49
1876,1191,39.7,oven,69,330,0.6193,714.35,710.02,1216.56,1002.59
1877,1191,39.7,refrigerator,72,293,0.4051,42.89,23.11,710.6,1402.34
1878,1191,39.7,cup,41,334,0.5421,621.2,924.26,702.16,1045.41
1879,1192,39.733,oven,69,330,0.558,711.83,713.4,1220.09,1013.28
1880,1192,39.733,cup,41,334,0.6828,618.18,932.02,700.85,1054.78
1881,1193,39.767,oven,69,330,0.4503,705.39,712.4,1230.73,1027.04
1882,1193,39.767,cup,41,334,0.7615,610.15,941.62,696.32,1068.12
1883,1194,39.8,oven,69,330,0.4341,715.76,723.92,1238.11,1040.59
1884,1194,39.8,cup,41,334,0.6407,603.68,954.47,693.33,1084.14
1885,1195,39.833,oven,69,330,0.3992,713.48,729.0,1250.01,1058.84
1886,1195,39.833,cup,41,334,0.7289,595.64,967.39,690.14,1102.0
1887,1196,39.867,oven,69,330,0.4528,672.85,729.33,1236.21,1075.08
1888,1196,39.867,cup,41,334,0.7559,587.01,981.4,685.52,1119.2
1889,1196,39.867,bottle,39,338,0.4033,719.86,845.52,811.41,1034.79
1890,1197,39.9,oven,69,330,0.3848,649.6,729.69,1239.97,1092.12
1891,1197,39.9,cup,41,334,0.7137,578.3,994.84,680.4,1134.97
1892,1198,39.933,oven,69,330,0.3506,677.86,733.89,1277.03,1108.1
1893,1198,39.933,cup,41,334,0.7926,570.68,1009.38,675.71,1150.25
1894,1199,39.967,oven,69,330,0.3662,656.27,745.64,1266.48,1126.25
1895,1199,39.967,cup,41,334,0.8314,563.89,1022.3,672.91,1165.51
1896,1200,40.0,cup,41,334,0.7962,561.27,1031.7,674.85,1177.86
1897,1201,40.033,cup,41,334,0.7788,562.68,1040.95,680.15,1189.09
1898,1202,40.067,cup,41,334,0.719,566.52,1050.62,686.56,1198.92
1899,1203,40.1,cup,41,334,0.6174,569.11,1060.49,693.18,1211.55
1900,1204,40.133,cup,41,334,0.6752,562.21,1071.03,686.2,1223.41
1901,1204,40.133,cup,41,339,0.6028,752.82,921.77,866.43,1138.54
1902,1205,40.167,cup,41,334,0.7228,561.5,1083.53,683.81,1235.08
1903,1206,40.2,cup,41,334,0.6697,565.43,1093.68,682.29,1239.35
1904,1206,40.2,bottle,39,340,0.3845,541.11,836.34,686.04,1132.48
1905,1207,40.233,cup,41,334,0.4418,575.96,1099.79,678.47,1225.98
1906,1209,40.3,person,0,341,0.3526,422.33,1094.24,807.42,1408.0
1907,1214,40.467,person,0,341,0.4468,325.5,1068.12,740.44,1408.0
1908,1217,40.567,cup,41,344,0.4054,798.65,973.58,934.53,1204.97
1909,1218,40.6,cup,41,345,0.6873,596.65,1053.3,723.03,1203.86
1910,1219,40.633,cup,41,345,0.6807,598.75,1046.53,725.92,1197.94
1911,1220,40.667,cup,41,345,0.8147,603.01,1041.09,729.99,1192.01
1912,1220,40.667,cup,41,344,0.5183,815.79,961.73,952.05,1193.62
1913,1221,40.7,cup,41,345,0.7844,607.58,1035.69,734.55,1186.32
1914,1221,40.7,cup,41,344,0.4389,821.33,958.17,957.85,1190.48
1915,1222,40.733,cup,41,345,0.7968,610.98,1030.6,738.48,1181.56
1916,1223,40.767,cup,41,345,0.7627,612.76,1027.49,740.29,1178.23
1917,1223,40.767,cup,41,344,0.3761,827.38,953.6,964.26,1186.45
1918,1224,40.8,cup,41,345,0.7689,613.3,1025.8,741.64,1177.25
1919,1224,40.8,cup,41,346,0.3743,606.1,776.72,775.47,1022.72
1920,1224,40.8,cup,41,344,0.3543,828.66,954.3,966.28,1188.29
1921,1225,40.833,cup,41,345,0.6488,612.79,1027.29,742.35,1180.0
1922,1225,40.833,cup,41,346,0.4635,608.6,779.1,776.37,1022.5
1923,1226,40.867,cup,41,345,0.7056,613.89,1032.67,744.38,1186.25
1924,1226,40.867,cup,41,346,0.4963,612.62,785.42,777.09,1023.45
1925,1226,40.867,cup,41,344,0.3825,832.51,963.73,970.95,1198.87
1926,1227,40.9,cup,41,345,0.703,615.01,1038.86,746.67,1193.69
1927,1227,40.9,cup,41,346,0.3738,614.21,789.58,782.8,1033.53
1928,1227,40.9,cup,41,344,0.4863,835.99,971.29,974.34,1205.94
1929,1228,40.933,cup,41,345,0.7173,617.88,1046.85,748.27,1199.81
1930,1228,40.933,cup,41,346,0.4604,612.54,794.65,785.3,1044.46
1931,1228,40.933,cup,41,344,0.5825,838.35,976.86,977.44,1212.24
1932,1229,40.967,cup,41,345,0.7277,618.74,1053.2,749.89,1206.84
1933,1229,40.967,cup,41,344,0.6186,839.6,981.56,980.05,1218.71
1934,1229,40.967,person,0,349,0.5463,230.59,798.26,710.61,1406.72
1935,1229,40.967,person,0,350,0.3936,11.09,790.53,706.86,1407.87
1936,1230,41.0,cup,41,345,0.7324,617.1,1057.62,750.4,1213.63
1937,1230,41.0,cup,41,344,0.4417,840.31,986.48,981.69,1224.72
1938,1230,41.0,person,0,350,0.5219,25.0,793.41,715.93,1406.4
1939,1230,41.0,cup,41,346,0.4089,605.29,801.07,787.16,1064.29
1940,1231,41.033,cup,41,345,0.7915,615.95,1064.61,748.97,1219.79
1941,1231,41.033,cup,41,344,0.3766,840.53,992.15,982.14,1229.63
1942,1231,41.033,person,0,350,0.4131,18.28,788.49,716.03,1407.32
1943,1231,41.033,person,0,349,0.5947,230.83,794.67,713.19,1405.31
1944,1232,41.067,cup,41,345,0.7543,613.82,1069.69,747.96,1225.75
1945,1232,41.067,cup,41,344,0.381,839.08,996.13,981.61,1234.23
1946,1232,41.067,person,0,350,0.6273,12.14,788.16,711.53,1407.82
1947,1232,41.067,cup,41,346,0.3965,600.81,806.81,785.74,1075.43
1948,1233,41.1,cup,41,345,0.7241,611.16,1073.41,746.59,1230.59
1949,1233,41.1,cup,41,346,0.3988,599.7,811.29,780.93,1074.14
1950,1233,41.1,person,0,349,0.7413,219.36,789.48,707.19,1404.99
1951,1234,41.133,cup,41,345,0.773,608.59,1076.77,744.91,1234.53
1952,1234,41.133,person,0,349,0.3897,222.51,786.94,711.99,1403.65
1953,1234,41.133,cup,41,344,0.3822,836.46,1002.34,979.37,1240.32
1954,1235,41.167,cup,41,345,0.6881,606.23,1080.85,742.81,1238.48
1955,1235,41.167,person,0,349,0.5264,221.18,787.14,710.76,1402.4
1956,1235,41.167,cup,41,344,0.5108,833.27,1004.87,977.36,1243.75
1957,1235,41.167,cup,41,346,0.4036,588.18,812.0,774.7,1082.73
1958,1236,41.2,cup,41,345,0.7855,604.48,1085.14,740.69,1241.73
1959,1236,41.2,person,0,349,0.4311,221.26,790.13,712.26,1405.19
1960,1236,41.2,cup,41,344,0.5835,832.1,1006.74,976.59,1245.31
1961,1236,41.2,cup,41,346,0.3536,584.55,812.2,772.87,1085.83
1962,1237,41.233,cup,41,345,0.7616,602.96,1087.54,739.86,1244.37
1963,1237,41.233,person,0,349,0.7229,213.06,790.36,704.88,1403.62
1964,1237,41.233,cup,41,344,0.4357,831.25,1008.44,976.23,1246.63
1965,1238,41.267,cup,41,345,0.7897,601.19,1089.41,738.94,1246.6
1966,1238,41.267,cup,41,344,0.3657,830.56,1008.83,975.59,1246.36
1967,1239,41.3,cup,41,345,0.7639,599.6,1089.57,738.58,1247.77
1968,1240,41.333,cup,41,345,0.7571,599.82,1088.06,738.62,1245.38
1969,1240,41.333,cup,41,344,0.4602,830.48,1003.82,975.83,1241.39
1970,1241,41.367,cup,41,345,0.6727,601.25,1084.29,740.65,1241.61
1971,1242,41.4,cup,41,345,0.8049,604.01,1077.99,744.48,1236.22
1972,1242,41.4,cup,41,344,0.4637,835.51,994.98,981.36,1232.56
1973,1243,41.433,cup,41,345,0.7406,608.44,1072.79,748.89,1230.42
1974,1243,41.433,cup,41,344,0.4386,839.24,988.81,985.96,1226.89
1975,1243,41.433,cup,41,346,0.3733,582.15,795.48,775.48,1078.05
1976,1243,41.433,person,0,349,0.3841,195.34,779.09,701.17,1404.47
1977,1244,41.467,cup,41,345,0.7039,612.36,1068.12,753.35,1225.83
1978,1244,41.467,cup,41,344,0.3925,843.46,984.09,990.43,1221.53
1979,1244,41.467,person,0,349,0.516,188.21,771.63,703.83,1404.01
1980,1245,41.5,cup,41,345,0.5988,617.04,1065.34,757.6,1222.14
1981,1245,41.5,cup,41,344,0.3613,847.29,981.0,994.9,1218.51
1982,1245,41.5,person,0,349,0.5237,180.01,764.64,705.9,1403.99
1983,1245,41.5,cup,41,346,0.3773,592.48,788.57,782.17,1068.6
1984,1246,41.533,cup,41,345,0.7061,620.11,1062.98,760.89,1219.74
1985,1246,41.533,cup,41,344,0.5066,850.84,978.91,999.08,1216.51
1986,1246,41.533,person,0,349,0.5883,170.59,759.4,706.5,1404.36
1987,1246,41.533,cup,41,346,0.3993,596.69,785.44,785.57,1065.86
1988,1247,41.567,cup,41,345,0.6946,622.07,1063.55,762.86,1219.97
1989,1247,41.567,cup,41,344,0.4857,852.94,979.64,1001.62,1216.75
1990,1247,41.567,person,0,350,0.6459,0.0,759.84,726.37,1407.96
1991,1248,41.6,cup,41,345,0.6814,622.1,1065.66,763.94,1223.03
1992,1248,41.6,cup,41,344,0.4169,854.48,982.34,1003.59,1218.93
1993,1248,41.6,person,0,349,0.4787,177.43,759.19,715.21,1402.9
1994,1249,41.633,cup,41,345,0.68,621.75,1068.26,764.44,1226.47
1995,1249,41.633,cup,41,344,0.5466,854.17,984.89,1004.51,1222.57
1996,1249,41.633,person,0,349,0.6306,167.03,761.79,709.71,1404.55
1997,1250,41.667,cup,41,345,0.6972,621.38,1069.93,764.08,1227.97
1998,1250,41.667,cup,41,344,0.4369,854.1,986.26,1005.24,1224.34
1999,1250,41.667,person,0,350,0.6453,1.49,763.55,724.79,1406.57
2000,1251,41.7,cup,41,345,0.7483,620.43,1071.04,763.19,1228.87
2001,1251,41.7,cup,41,344,0.4631,853.0,987.03,1005.33,1225.91
2002,1251,41.7,person,0,350,0.6041,2.84,765.01,724.46,1406.46
2003,1252,41.733,cup,41,345,0.7233,619.39,1071.26,762.18,1228.74
2004,1252,41.733,cup,41,344,0.61,851.89,986.54,1004.89,1225.41
2005,1252,41.733,person,0,350,0.6193,2.92,762.34,725.08,1407.03
2006,1253,41.767,cup,41,345,0.689,618.75,1070.24,761.88,1227.76
2007,1253,41.767,cup,41,344,0.5153,851.02,985.9,1004.8,1224.97
2008,1253,41.767,person,0,350,0.7564,7.11,757.42,731.76,1407.1
2009,1254,41.8,cup,41,345,0.7374,618.08,1067.73,761.66,1225.27
2010,1254,41.8,cup,41,344,0.4483,850.56,983.86,1004.61,1222.4
2011,1254,41.8,person,0,350,0.6442,2.62,754.97,728.42,1406.95
2012,1255,41.833,cup,41,345,0.6434,617.47,1066.19,760.98,1223.31
2013,1255,41.833,cup,41,344,0.5072,850.83,981.73,1005.08,1219.65
2014,1255,41.833,person,0,350,0.6604,0.0,750.45,726.45,1406.65
2015,1256,41.867,cup,41,345,0.5847,616.65,1063.18,760.45,1220.34
2016,1256,41.867,cup,41,344,0.3913,849.51,978.62,1004.57,1216.61
2017,1256,41.867,person,0,350,0.6717,0.0,745.7,726.16,1407.05
2018,1257,41.9,cup,41,345,0.541,616.12,1060.24,759.99,1217.14
2019,1257,41.9,cup,41,344,0.3843,849.61,975.93,1005.21,1213.75
2020,1257,41.9,person,0,349,0.6374,147.03,742.37,710.29,1403.72
2021,1258,41.933,cup,41,345,0.5921,616.14,1057.86,759.7,1213.99
2022,1258,41.933,cup,41,344,0.4331,849.61,972.78,1005.75,1210.51
2023,1258,41.933,person,0,349,0.5905,145.65,738.19,714.5,1403.36
2024,1259,41.967,cup,41,345,0.5674,616.19,1054.48,759.5,1209.86
2025,1259,41.967,cup,41,344,0.5893,849.32,967.14,1006.59,1206.13
2026,1259,41.967,person,0,349,0.6154,133.17,736.22,710.11,1404.96
2027,1260,42.0,cup,41,345,0.4419,615.65,1050.18,759.42,1205.6
2028,1260,42.0,cup,41,344,0.6252,849.31,962.92,1006.83,1201.67
2029,1260,42.0,person,0,349,0.5393,137.8,733.73,716.55,1402.66
2030,1261,42.033,cup,41,345,0.4137,615.63,1045.48,760.03,1201.3
2031,1261,42.033,person,0,349,0.4555,129.57,728.23,717.42,1403.57
2032,1262,42.067,cup,41,345,0.495,616.95,1041.33,761.71,1197.5
2033,1262,42.067,person,0,349,0.7078,114.7,721.58,713.75,1405.9
2034,1263,42.1,cup,41,345,0.4281,618.36,1038.47,763.13,1194.59
2035,1263,42.1,person,0,349,0.743,93.51,717.92,703.87,1406.82
2036,1264,42.133,cup,41,345,0.3931,620.0,1035.76,764.83,1191.9
2037,1264,42.133,person,0,349,0.7767,99.53,714.64,715.33,1407.03
2038,1264,42.133,cup,41,346,0.3502,601.09,753.54,787.38,1032.62
2039,1265,42.167,cup,41,345,0.3728,621.55,1033.64,766.1,1189.37
2040,1265,42.167,person,0,349,0.7983,86.6,716.07,707.78,1407.1
2041,1266,42.2,cup,41,345,0.6065,623.32,1030.68,767.66,1186.03
2042,1266,42.2,person,0,349,0.7348,86.02,717.91,710.8,1406.9
2043,1267,42.233,cup,41,345,0.5089,624.11,1027.05,769.32,1183.49
2044,1267,42.233,person,0,349,0.6952,81.62,720.35,711.08,1406.31
2045,1268,42.267,cup,41,345,0.5981,624.13,1025.33,769.75,1182.29
2046,1268,42.267,person,0,349,0.443,120.44,721.13,741.87,1405.3
2047,1268,42.267,cup,41,344,0.3734,855.4,945.17,1012.77,1182.55
2048,1269,42.3,cup,41,345,0.5135,623.92,1025.56,769.27,1182.33
2049,1269,42.3,person,0,349,0.4195,146.87,712.05,762.56,1405.21
2050,1270,42.333,cup,41,345,0.5738,623.01,1027.32,767.92,1183.49
2051,1270,42.333,cup,41,346,0.4216,604.19,749.49,785.42,1021.82
2052,1271,42.367,cup,41,345,0.6199,621.78,1029.89,765.57,1184.63
2053,1271,42.367,cup,41,346,0.4535,601.67,750.47,784.21,1026.03
2054,1272,42.4,cup,41,345,0.5347,619.72,1031.11,763.66,1185.82
2055,1273,42.433,cup,41,345,0.4713,617.47,1030.29,761.73,1185.11
2056,1274,42.467,cup,41,345,0.735,618.1,1029.05,761.93,1183.17
2057,1275,42.5,cup,41,345,0.7113,620.13,1024.76,765.24,1180.21
2058,1276,42.533,cup,41,345,0.7501,624.16,1020.0,769.22,1174.98
2059,1277,42.567,cup,41,345,0.6937,631.1,1013.16,776.48,1168.28
2060,1277,42.567,cup,41,344,0.3882,870.5,930.47,1029.85,1168.01
2061,1278,42.6,cup,41,345,0.7434,636.05,1005.06,783.29,1162.43
2062,1278,42.6,cup,41,344,0.6869,875.16,926.76,1037.09,1164.39
2063,1279,42.633,cup,41,345,0.8081,642.26,997.92,790.79,1156.88
2064,1279,42.633,cup,41,344,0.7335,882.04,924.33,1044.79,1160.19
2065,1280,42.667,cup,41,345,0.7615,649.73,990.97,798.63,1150.82
2066,1280,42.667,cup,41,344,0.6183,888.71,920.76,1054.11,1157.02
2067,1281,42.7,cup,41,345,0.7872,656.7,986.22,805.26,1146.45
2068,1281,42.7,cup,41,344,0.5997,894.72,918.79,1062.81,1155.93
2069,1282,42.733,cup,41,345,0.7687,661.79,982.2,811.09,1144.48
2070,1282,42.733,cup,41,344,0.5888,900.16,917.49,1070.65,1154.96
2071,1283,42.767,cup,41,345,0.5949,668.21,978.25,815.77,1139.52
2072,1283,42.767,cup,41,344,0.6063,904.61,917.15,1077.19,1154.62
2073,1284,42.8,cup,41,345,0.67,671.43,973.43,820.99,1138.1
2074,1284,42.8,cup,41,344,0.6825,908.66,917.75,1082.68,1154.86
2075,1285,42.833,cup,41,345,0.6536,674.52,969.91,823.76,1135.5
2076,1285,42.833,cup,41,344,0.4095,910.66,916.3,1087.01,1154.49
2077,1286,42.867,cup,41,345,0.5998,677.84,967.18,826.1,1132.98
2078,1286,42.867,cup,41,344,0.4397,912.93,916.8,1089.77,1153.56
2079,1287,42.9,cup,41,345,0.6028,682.04,966.48,828.39,1131.21
2080,1287,42.9,cup,41,344,0.5394,914.91,917.49,1092.72,1153.16
2081,1288,42.933,cup,41,345,0.6167,685.02,966.0,830.2,1130.45
2082,1288,42.933,cup,41,344,0.4218,916.29,917.86,1095.37,1153.09
2083,1289,42.967,cup,41,345,0.5459,686.66,965.2,831.46,1130.34
2084,1289,42.967,cup,41,344,0.3573,916.76,918.99,1097.16,1153.78
2085,1290,43.0,cup,41,345,0.618,687.78,964.7,831.83,1130.02
2086,1290,43.0,cup,41,344,0.5941,917.32,920.56,1098.3,1153.92
2087,1291,43.033,cup,41,345,0.618,688.38,964.54,831.6,1129.86
2088,1291,43.033,cup,41,344,0.4452,916.82,921.84,1098.98,1154.98
2089,1292,43.067,cup,41,345,0.6697,688.63,965.14,831.3,1130.75
2090,1292,43.067,cup,41,344,0.5085,916.47,923.15,1099.52,1155.74
2091,1293,43.1,cup,41,345,0.5885,688.18,966.65,830.63,1132.65
2092,1293,43.1,cup,41,344,0.4585,915.37,924.21,1099.51,1156.86
2093,1294,43.133,cup,41,345,0.6791,688.86,968.79,829.77,1133.53
2094,1294,43.133,cup,41,344,0.4979,913.43,925.01,1098.58,1157.81
2095,1294,43.133,person,0,354,0.3924,411.39,1056.05,784.36,1408.0
2096,1295,43.167,cup,41,345,0.5016,688.25,969.73,828.71,1134.58
2097,1295,43.167,cup,41,344,0.4168,912.15,925.65,1097.66,1157.78
2098,1296,43.2,cup,41,345,0.5829,687.44,970.5,827.57,1135.53
2099,1296,43.2,person,0,354,0.4569,413.6,1056.59,785.35,1408.0
2100,1297,43.233,cup,41,345,0.5765,686.97,971.29,826.46,1135.99
2101,1297,43.233,person,0,354,0.4071,414.17,1057.78,783.88,1408.0
2102,1297,43.233,cup,41,344,0.4215,910.08,925.49,1097.66,1159.5
2103,1298,43.267,cup,41,345,0.5912,686.58,972.09,825.98,1137.14
2104,1298,43.267,person,0,354,0.4784,412.06,1056.53,782.3,1408.0
2105,1298,43.267,cup,41,344,0.3525,909.19,925.83,1097.06,1159.49
2106,1299,43.3,cup,41,345,0.6027,686.05,972.49,825.35,1137.96
2107,1299,43.3,person,0,354,0.4894,411.61,1056.82,780.7,1408.0
2108,1299,43.3,cup,41,344,0.4223,908.63,926.08,1096.13,1158.45
2109,1300,43.333,cup,41,345,0.5635,685.25,973.03,823.98,1138.16
2110,1300,43.333,person,0,354,0.4334,408.97,1057.72,776.84,1408.0
2111,1300,43.333,cup,41,344,0.5784,906.94,926.38,1095.01,1158.83
2112,1301,43.367,cup,41,345,0.5817,683.83,973.59,822.37,1138.89
2113,1301,43.367,person,0,354,0.4163,411.36,1057.36,778.93,1408.0
2114,1301,43.367,cup,41,344,0.5379,905.77,926.48,1094.36,1159.17
2115,1302,43.4,cup,41,345,0.6189,682.92,974.28,821.22,1139.76
2116,1302,43.4,person,0,354,0.4091,411.45,1058.77,777.31,1408.0
2117,1302,43.4,cup,41,344,0.515,904.52,924.9,1094.67,1159.59
2118,1303,43.433,cup,41,345,0.5815,681.86,973.54,820.34,1139.56
2119,1303,43.433,cup,41,344,0.5365,904.25,925.48,1093.07,1158.28
2120,1304,43.467,cup,41,345,0.5989,681.76,972.61,819.38,1137.76
2121,1304,43.467,cup,41,344,0.5052,903.51,925.08,1092.38,1157.38
2122,1305,43.5,cup,41,345,0.6107,681.23,971.17,819.36,1137.13
2123,1305,43.5,cup,41,344,0.4764,902.91,923.13,1093.51,1157.41
2124,1305,43.5,person,0,354,0.4458,421.88,1066.81,779.63,1408.0
2125,1306,43.533,cup,41,345,0.6669,681.52,971.51,819.42,1137.41
2126,1306,43.533,cup,41,344,0.5943,903.09,922.99,1093.18,1156.55
2127,1307,43.567,cup,41,345,0.677,682.7,972.0,818.88,1135.8
2128,1307,43.567,cup,41,344,0.6211,903.36,923.13,1093.55,1156.82
2129,1308,43.6,cup,41,345,0.6662,683.2,972.33,818.77,1135.37
2130,1308,43.6,cup,41,344,0.6865,903.17,923.62,1092.91,1156.71
2131,1309,43.633,cup,41,345,0.6776,683.1,972.96,818.31,1135.41
2132,1309,43.633,cup,41,344,0.5868,902.33,923.25,1093.23,1157.88
2133,1310,43.667,cup,41,345,0.7277,682.6,972.7,818.37,1135.86
2134,1310,43.667,cup,41,344,0.6621,902.39,924.51,1092.68,1158.4
2135,1311,43.7,cup,41,345,0.6835,683.23,972.74,818.15,1134.76
2136,1311,43.7,cup,41,344,0.5723,903.25,924.66,1092.81,1157.46
2137,1312,43.733,cup,41,345,0.75,683.52,972.16,818.32,1133.99
2138,1312,43.733,cup,41,344,0.6489,903.47,924.26,1093.16,1157.31
2139,1313,43.767,cup,41,345,0.7474,684.28,971.1,818.77,1132.51
2140,1313,43.767,cup,41,344,0.5122,903.43,923.25,1093.56,1156.93
2141,1314,43.8,cup,41,345,0.7727,684.4,970.38,818.66,1131.38
2142,1314,43.8,cup,41,344,0.6003,902.99,921.98,1093.89,1156.9
2143,1315,43.833,cup,41,345,0.8009,684.8,970.3,818.29,1130.19
2144,1315,43.833,cup,41,344,0.3755,902.6,920.08,1093.96,1155.93
2145,1316,43.867,cup,41,345,0.7691,684.99,969.57,818.52,1129.36
2146,1316,43.867,cup,41,344,0.5163,902.59,920.25,1092.91,1154.89
2147,1317,43.9,cup,41,345,0.7666,684.94,969.22,818.44,1128.88
2148,1317,43.9,cup,41,344,0.4731,902.61,919.64,1092.73,1154.12
2149,1318,43.933,cup,41,345,0.7169,685.33,968.58,818.79,1128.13
2150,1318,43.933,cup,41,344,0.5061,902.42,919.09,1092.77,1153.91
2151,1319,43.967,cup,41,345,0.713,685.47,968.34,819.08,1128.14
2152,1319,43.967,cup,41,344,0.4991,902.39,918.75,1092.72,1153.68
2153,1320,44.0,cup,41,345,0.7423,685.86,968.06,819.34,1127.82
2154,1320,44.0,cup,41,344,0.5273,902.99,918.84,1093.34,1154.0
2155,1321,44.033,cup,41,345,0.6718,686.53,967.48,819.81,1127.15
2156,1321,44.033,cup,41,344,0.477,902.79,918.03,1093.14,1153.2
2157,1322,44.067,cup,41,345,0.726,687.04,966.52,820.14,1126.14
2158,1322,44.067,cup,41,344,0.5868,903.24,917.68,1092.89,1152.2
2159,1323,44.1,cup,41,345,0.7637,687.71,966.05,820.34,1125.11
2160,1323,44.1,cup,41,344,0.623,903.17,917.24,1093.25,1152.55
2161,1324,44.133,cup,41,345,0.7434,687.92,965.89,820.41,1124.78
2162,1324,44.133,cup,41,344,0.589,902.89,916.16,1093.28,1152.04
2163,1325,44.167,cup,41,345,0.7249,688.01,965.73,820.55,1124.69
2164,1325,44.167,cup,41,344,0.5256,902.81,916.18,1092.79,1151.78
2165,1326,44.2,cup,41,345,0.718,687.11,964.63,820.39,1124.73
2166,1326,44.2,cup,41,344,0.4095,902.0,915.55,1092.13,1151.88
2167,1327,44.233,cup,41,345,0.7355,685.8,964.5,819.18,1124.89
2168,1327,44.233,cup,41,344,0.5695,900.43,916.25,1090.59,1152.76
2169,1328,44.267,cup,41,345,0.7089,684.32,964.97,817.42,1125.03
2170,1328,44.267,cup,41,344,0.6042,898.98,916.34,1088.5,1152.51
2171,1329,44.3,cup,41,345,0.7361,682.33,964.72,815.85,1125.38
2172,1329,44.3,cup,41,344,0.6329,897.29,916.04,1087.16,1153.11
2173,1330,44.333,cup,41,345,0.7558,681.06,964.84,814.52,1125.42
2174,1330,44.333,cup,41,344,0.5516,896.46,916.85,1085.1,1152.66
2175,1331,44.367,cup,41,345,0.6077,679.6,964.78,813.56,1125.87
2176,1331,44.367,cup,41,344,0.5339,895.13,917.2,1082.72,1152.01
2177,1332,44.4,cup,41,345,0.6886,677.75,963.2,812.49,1125.51
2178,1332,44.4,cup,41,344,0.5654,894.03,917.14,1081.08,1151.46
2179,1333,44.433,cup,41,345,0.7078,677.01,964.0,811.09,1125.59
2180,1333,44.433,cup,41,344,0.5703,893.96,917.26,1080.2,1151.07
2181,1334,44.467,cup,41,345,0.7542,676.14,963.87,810.28,1125.68
2182,1334,44.467,cup,41,344,0.6099,892.37,916.2,1078.83,1150.63
2183,1335,44.5,cup,41,345,0.7041,675.53,964.38,808.9,1125.36
2184,1335,44.5,cup,41,344,0.6226,891.35,916.27,1077.61,1150.83
2185,1336,44.533,cup,41,345,0.7777,674.15,965.13,807.91,1126.6
2186,1336,44.533,cup,41,344,0.6058,890.61,916.22,1076.4,1150.47
2187,1337,44.567,cup,41,345,0.794,673.72,966.58,806.27,1126.47
2188,1337,44.567,cup,41,344,0.6575,889.16,915.47,1075.32,1150.52
2189,1338,44.6,cup,41,345,0.7206,672.74,966.78,805.17,1126.5
2190,1338,44.6,cup,41,344,0.6125,887.63,915.68,1073.45,1150.44
2191,1339,44.633,cup,41,345,0.7466,671.61,968.01,803.74,1127.13
2192,1339,44.633,cup,41,344,0.5938,886.26,916.27,1071.66,1150.89
2193,1340,44.667,cup,41,345,0.7797,669.67,968.38,801.81,1127.36
2194,1340,44.667,cup,41,344,0.6181,885.25,916.33,1070.24,1150.65
2195,1341,44.7,cup,41,345,0.7817,667.56,969.13,800.12,1128.3
2196,1341,44.7,cup,41,344,0.6238,883.58,916.02,1068.4,1150.5
2197,1342,44.733,cup,41,345,0.7122,665.8,970.86,797.8,1128.93
2198,1342,44.733,cup,41,344,0.5885,880.71,916.59,1064.55,1150.45
2199,1343,44.767,cup,41,345,0.7324,660.71,973.12,792.58,1130.6
2200,1343,44.767,cup,41,344,0.6537,874.99,917.45,1058.84,1151.72
2201,1344,44.8,cup,41,345,0.4477,652.08,978.01,784.47,1135.39
2202,1344,44.8,cup,41,344,0.497,865.66,918.11,1049.9,1153.9
2203,1345,44.833,cup,41,345,0.4764,637.93,984.44,771.55,1142.18
2204,1346,44.867,cup,41,345,0.5365,617.22,995.25,752.37,1153.41
2205,1346,44.867,cup,41,344,0.4222,832.69,924.62,1013.99,1158.22
2206,1347,44.9,cup,41,345,0.4983,588.78,1011.78,725.95,1169.92
2207,1357,45.233,oven,69,358,0.4864,394.63,800.97,1056.12,1407.08
2208,1358,45.267,oven,69,358,0.6653,328.01,790.36,1002.09,1407.8
2209,1359,45.3,oven,69,358,0.4522,278.23,799.34,942.63,1406.73
2210,1360,45.333,oven,69,358,0.6262,231.2,812.27,883.95,1407.27
2211,1361,45.367,oven,69,358,0.6737,187.88,821.5,832.65,1407.04
2212,1362,45.4,oven,69,358,0.7422,154.58,827.41,794.42,1405.77
2213,1363,45.433,oven,69,358,0.67,119.69,839.69,749.87,1405.4
2214,1364,45.467,suitcase,28,358,0.4796,84.06,856.87,703.78,1406.91
2215,1366,45.533,oven,69,358,0.5245,32.75,896.42,615.48,1407.66
2216,1370,45.667,sink,71,360,0.5541,1043.22,826.07,1265.07,949.41
2217,1371,45.7,sink,71,360,0.5732,998.38,821.16,1222.19,945.56
2218,1372,45.733,sink,71,360,0.6458,948.46,816.95,1172.8,941.56
2219,1373,45.767,sink,71,360,0.6647,894.59,807.92,1127.36,937.34
2220,1374,45.8,sink,71,360,0.6388,842.53,797.61,1079.44,929.5
2221,1379,45.967,sink,71,360,0.436,610.31,775.66,869.95,921.32
2222,1380,46.0,sink,71,360,0.3966,571.88,773.31,839.29,924.79
2223,1382,46.067,microwave,68,374,0.6391,1082.94,654.25,1406.32,926.46
2224,1383,46.1,microwave,68,374,0.392,1078.1,664.36,1379.79,917.77
2225,1384,46.133,microwave,68,374,0.4927,1056.06,661.67,1341.4,900.25
2226,1385,46.167,microwave,68,374,0.4708,1013.7,645.45,1295.23,879.57
2227,1386,46.2,microwave,68,374,0.4981,962.18,626.07,1245.61,860.76
2228,1387,46.233,microwave,68,374,0.5402,901.15,585.42,1212.61,843.95
2229,1388,46.267,microwave,68,374,0.6764,855.06,567.32,1170.63,829.94
2230,1389,46.3,microwave,68,374,0.4114,818.61,561.78,1130.23,821.24
2231,1390,46.333,microwave,68,374,0.6319,798.36,555.51,1107.82,810.22
2232,1391,46.367,microwave,68,374,0.482,755.98,549.24,1056.87,796.78
2233,1392,46.4,microwave,68,374,0.4704,750.51,569.34,1021.58,785.96
2234,1393,46.433,microwave,68,374,0.4795,705.83,552.14,989.27,779.19
2235,1394,46.467,microwave,68,374,0.5431,716.03,579.44,967.71,773.95
2236,1395,46.5,microwave,68,374,0.5747,694.16,556.48,980.02,775.6
2237,1396,46.533,microwave,68,374,0.5138,686.63,548.71,983.76,774.98
2238,1397,46.567,microwave,68,374,0.4237,700.45,579.05,956.83,771.69
2239,1398,46.6,microwave,68,374,0.4797,720.41,558.26,1005.98,770.76
2240,1399,46.633,microwave,68,374,0.5077,743.65,553.55,1037.21,770.87
2241,1400,46.667,microwave,68,374,0.5817,782.98,552.87,1081.29,770.81
2242,1401,46.7,microwave,68,374,0.5221,823.16,549.47,1131.42,772.21
2243,1402,46.733,microwave,68,374,0.3994,864.06,576.75,1138.72,772.73
2244,1403,46.767,microwave,68,374,0.6078,873.94,552.89,1179.84,773.09
2245,1404,46.8,microwave,68,374,0.7005,895.42,543.59,1214.58,774.13
2246,1405,46.833,microwave,68,374,0.6874,916.63,538.22,1242.27,774.36
